draw,pipeline,S,flag_NH-Black,p_NH-Black,flag_NH-Asian,p_NH-Asian,flag_NH-AmInd-AKNat,p_NH-AmInd-AKNat,flag_Hispanic,p_Hispanic,flag_NH-Other-Multi,p_NH-Other-Multi
0,A_good,0,False,0.4747204780335259,False,0.9516511610450293,False,0.3532353557815926,False,0.3389022379733805,False,0.49711782416663
1,A_good,0,False,0.7100659283959585,False,0.8966940985433246,False,0.3748673897619669,False,0.8157826508959779,False,0.2592765545449329
2,A_good,0,False,0.8653597554238305,False,0.7306042479735178,False,0.2068809456770465,False,0.09078687312492506,False,0.6453682191729515
3,A_good,0,False,0.5137556467919123,False,0.286972103684486,False,0.5917083159954618,False,0.30290879803773285,False,0.7983199937583312
4,A_good,0,False,0.9214223182530388,False,0.1427195839227465,False,0.38947640154329466,False,0.1424061204898557,False,0.46833670088983437
5,A_good,0,False,0.013095116342120457,False,0.24843761792687724,False,0.7976894073898423,False,0.40979493409323753,False,0.025809705605440787
6,A_good,0,False,0.5994119195297698,False,0.1946763220635397,False,0.38791403111293654,False,0.8109429997815313,False,0.8388167435774945
7,A_good,0,False,0.9489916916950336,False,0.9969913423953481,False,0.7405517829907136,False,0.8883127515182412,False,0.7456852338284996
8,A_good,0,False,0.9720612451477204,False,0.13393057633977412,False,0.24392273956521215,False,0.15170335641745977,False,0.17374428134865683
9,A_good,0,False,0.8806343188379332,False,0.5465152067166168,False,0.5095718233543078,False,0.264401114158371,False,0.17115050435475754
10,A_good,0,False,0.3213627632538747,False,0.903013528798637,False,0.7443541597182418,False,0.34628589100139595,False,0.9835139721282959
11,A_good,0,False,0.22980305664470224,False,0.24703434151270498,False,0.5480743258531027,False,0.39292598590020433,False,0.43564651767910934
12,A_good,0,False,0.8887319787851262,False,0.610889373265268,False,0.7752793338808759,False,0.6096852379421505,False,0.535420143895943
13,A_good,0,False,0.9275874806297638,False,0.6134551549509735,False,0.3891287697313719,False,0.10051301977510545,False,0.0593071989116766
14,A_good,0,False,0.3111337322352793,False,0.7206683726743177,False,0.744267846813689,False,0.7231755070451011,False,0.7400687311040185
15,A_good,0,False,0.5439399891101891,False,0.579202002630751,False,0.4773285278062276,False,0.21304009799524593,False,0.8625292089254112
16,A_good,0,False,0.2421582202524748,False,0.8248755162051439,False,0.46342009254948335,False,0.25283182470023124,False,0.10030226533076797
17,A_good,0,False,0.6865840772046712,False,0.7142622323886418,False,0.18273566113956385,False,0.9777864136620729,False,0.16603506152232128
18,A_good,0,False,0.2761535698217046,False,0.011827147662930765,False,0.45124828024701835,False,0.450359922428363,False,0.650278185659724
19,A_good,0,False,0.8465899712190499,False,0.5646769181068723,False,0.5279715322454901,False,0.42524078308134994,False,0.4671570260650144
20,A_good,0,False,0.23224454624947422,False,0.8758279900767717,False,0.7799379746944075,False,0.2750644124076813,False,0.20112193265525447
21,A_good,0,False,0.5761923767532824,False,0.7427614131015463,False,0.8264968941623336,False,0.3433167790320981,False,0.3109000397122501
22,A_good,0,False,0.9241321414348492,False,0.9724135239056942,False,0.20698366635563503,False,0.623384946394141,False,0.2148625412973546
23,A_good,0,False,0.15912561042398055,False,0.5123000899179433,False,0.9822109212985822,False,0.05964651958575456,False,0.07118052230237026
24,A_good,0,False,0.9836600307588512,False,0.9038991827353794,False,0.660677853172871,False,0.7671140454227158,False,0.906064094681476
25,A_good,0,False,0.07751108724785251,False,0.9377754168903196,False,0.5308941849698676,False,0.5515652196858044,False,0.5996630927485247
26,A_good,0,False,0.7603143314619277,False,0.5804375436837641,False,0.23213367846104893,False,0.6179519316249537,False,0.25456823138885765
27,A_good,0,False,0.2777136822709748,False,0.23269604125839394,False,0.7612478350642814,False,0.7755150352900013,False,0.8291740186407193
28,A_good,0,False,0.6759898824801535,False,0.5867488431369039,False,0.8489912418602913,False,0.4885659727640945,False,0.8939569772139837
29,A_good,0,False,0.11613590211957146,False,0.5918820233456976,False,0.9683193752387461,False,0.8883787619900386,False,0.22425051271061802
30,A_good,0,False,0.9895339374506755,False,0.10091314302763552,False,0.5862644969612707,False,0.4760583016877401,False,0.3228727086545824
31,A_good,0,False,0.9952624395697341,False,0.018196052513943628,False,0.07529521732180558,False,0.25549101106243366,False,0.4620965262400275
32,A_good,0,False,0.8094938662021741,False,0.010596917951988508,False,0.735833883568914,False,0.4908492891048897,False,0.12887942456495455
33,A_good,1,False,0.1074740519257271,True,0.008539897704515386,False,0.9766021670711312,False,0.8828365820112493,False,0.3972223283214056
34,A_good,0,False,0.15013177929641713,False,0.9563217063000369,False,0.1530383588665313,False,0.9477310250677393,False,0.32970326898691527
35,A_good,0,False,0.5853809323644374,False,0.19016582505951574,False,0.9487177696948355,False,0.4088368599171065,False,0.12647266702479967
36,A_good,0,False,0.09519413578673898,False,0.9058786850992052,False,0.6312853939589012,False,0.6572276958906665,False,0.9322886076727684
37,A_good,0,False,0.8185736266902559,False,0.42913411893408604,False,0.39840045989327033,False,0.9788902725267812,False,0.7009163376820713
38,A_good,0,False,0.7729977551037647,False,0.9937135657879852,False,0.032479569561609835,False,0.4834186570116674,False,0.3385381865111773
39,A_good,0,False,0.3999703559772717,False,0.6132017212988046,False,0.019658390394129702,False,0.2627020608548303,False,0.7567620356925819
40,A_good,0,False,0.47472187440749647,False,0.07847637599383493,False,0.29765556258279435,False,0.43990675723683637,False,0.502749594353058
41,A_good,0,False,0.19860037606359948,False,0.15386834814139935,False,0.3078294183767891,False,0.3164595868124426,False,0.548087711104991
42,A_good,0,False,0.7711059862660139,False,0.31837874635694285,False,0.2261016962000526,False,0.05570360558532737,False,0.48690164938018454
43,A_good,0,False,0.7180177737992846,False,0.07032266076594207,False,0.7569650877506706,False,0.14026704880126165,False,0.5553154572889936
44,A_good,0,False,0.7305829255200127,False,0.5014550026978786,False,0.8897913957241382,False,0.717243078860694,False,0.16601471253030098
45,A_good,0,False,0.6730486495463828,False,0.42259666471571133,False,0.6642445908787842,False,0.7034028383367779,False,0.3750823183925873
46,A_good,0,False,0.024896124766063826,False,0.40781236787712516,False,0.6721896617131874,False,0.8945967391912689,False,0.5036793339891918
47,A_good,0,False,0.4818062872097406,False,0.27745322601884836,False,0.7161717104699572,False,0.8142880134014517,False,0.02235085798446147
48,A_good,1,True,0.006192288606419443,False,0.7257044458982331,False,0.41039501283128965,False,0.9042035544697908,False,0.0635801061921073
49,A_good,0,False,0.3042419306061068,False,0.2385420752879911,False,0.5645380288706616,False,0.06619486106979397,False,0.18857952055818616
50,A_good,0,False,0.8111692086030856,False,0.6390595815862259,False,0.9180898378094133,False,0.9271839755486992,False,0.863817786402751
51,A_good,0,False,0.5189462080545852,False,0.20930914306996506,False,0.08779753891985746,False,0.11002716039086038,False,0.15564152821694144
52,A_good,0,False,0.5082176082338621,False,0.8745374349890545,False,0.276596739551737,False,0.871887744616926,False,0.3012481798077755
53,A_good,0,False,0.09884069600212245,False,0.8140281629429078,False,0.41309808843579765,False,0.37657575020002376,False,0.09905246236681854
54,A_good,0,False,0.8713788890436547,False,0.8834094344325815,False,0.3358031013624164,False,0.9346474212552855,False,0.42576088245256727
55,A_good,0,False,0.8673787750124287,False,0.07258480431744095,False,0.31652874650402385,False,0.34007654461963766,False,0.0366403820679018
56,A_good,0,False,0.43466104032123776,False,0.9593908539302012,False,0.9395064919206154,False,0.8129681927470337,False,0.5282735455765397
57,A_good,0,False,0.20467729189344486,False,0.3715209331781264,False,0.26564199133008803,False,0.9621841216502375,False,0.010959607634529031
58,A_good,0,False,0.2049970747751645,False,0.1735779979719817,False,0.7110219528501351,False,0.3762603693545181,False,0.25036846691892967
59,A_good,0,False,0.3821848824531593,False,0.46764878536572285,False,0.20497337648671632,False,0.2652094521104257,False,0.025728807123830928
60,A_good,0,False,0.8717995816459256,False,0.6666231168167918,False,0.39805793202477024,False,0.43007538675997403,False,0.366273926604453
61,A_good,0,False,0.8391649976087528,False,0.758213200395748,False,0.7556933309493605,False,0.2387135583231994,False,0.45851191271500236
62,A_good,0,False,0.5931228553537464,False,0.5475571975997335,False,0.3945131592201424,False,0.37655981342647526,False,0.7050844222854864
63,A_good,0,False,0.9938767122828217,False,0.3242942095150565,False,0.06617237023135761,False,0.1302637235768498,False,0.268923203099089
64,A_good,0,False,0.6743246634057121,False,0.33759231650726507,False,0.8002094045345605,False,0.0653859854201051,False,0.24490225477279093
65,A_good,0,False,0.6345974822348737,False,0.9037197427382466,False,0.5350985429820989,False,0.6834032755122743,False,0.15952897293796464
66,A_good,0,False,0.7225985725140665,False,0.27483216567618673,False,0.029790129388688125,False,0.10525830035026176,False,0.9997583645027986
67,A_good,0,False,0.8779332484087585,False,0.93195813666196,False,0.5719168622927635,False,0.6592057007719778,False,0.4100917779656965
68,A_good,0,False,0.3730682716612512,False,0.8680311570895309,False,0.7974213898818179,False,0.48007675285212303,False,0.5527628271914931
69,A_good,1,False,0.5378936474944412,False,0.5426840365094143,False,0.0446046576486388,True,0.002432985821484394,False,0.31584239643776424
70,A_good,0,False,0.3358539153074347,False,0.2850966880857301,False,0.33149498132039534,False,0.18248184187142713,False,0.9739385665127394
71,A_good,0,False,0.737414444239918,False,0.9447316753347826,False,0.3911478149940171,False,0.15455234572144735,False,0.30533211527674875
72,A_good,0,False,0.14747594554124704,False,0.8924706446606401,False,0.45295953627716246,False,0.08870938126287836,False,0.3288344356366951
73,A_good,0,False,0.3263198670275326,False,0.09698666701829868,False,0.3878785712492512,False,0.5058901640018805,False,0.7976431807138691
74,A_good,0,False,0.4626835306154944,False,0.2623921127349991,False,0.3469698703755094,False,0.46745868268892876,False,0.23802257805627147
75,A_good,1,False,0.11187837400628971,False,0.17211305843731672,True,0.002798142287608686,False,0.5961266337817022,False,0.2785445190464241
76,A_good,0,False,0.45901695021681244,False,0.40134944376378257,False,0.921416660290334,False,0.33969435834416206,False,0.15044906147154416
77,A_good,0,False,0.5126054758538521,False,0.6775426923499228,False,0.8375742453045771,False,0.3862676626398619,False,0.7296990673883643
78,A_good,0,False,0.2992850800463742,False,0.45412026161368246,False,0.05575088978288325,False,0.598957144381709,False,0.2381604877136545
79,A_good,0,False,0.626780839071184,False,0.2816066711511839,False,0.7169508554261359,False,0.981368349421284,False,0.3682557619895407
80,A_good,0,False,0.26639847153763596,False,0.6365347674840567,False,0.7525094981045825,False,0.8083581569110159,False,0.34752111327391666
81,A_good,0,False,0.16854221092578692,False,0.17593366664050958,False,0.6964388635785828,False,0.042101954406078584,False,0.7697182988067051
82,A_good,0,False,0.6748649940053104,False,0.8812501206167235,False,0.9364479074091296,False,0.6822303838486872,False,0.714041386641387
83,A_good,1,False,0.3518183986408452,False,0.944312538420114,True,0.0036152599464964828,False,0.11343036041817037,False,0.36637865781272794
84,A_good,0,False,0.6068006872288813,False,0.9941878833430002,False,0.3856495977021177,False,0.28504626089003127,False,0.6805754677434319
85,A_good,0,False,0.5926956225351393,False,0.3192066296438667,False,0.37154142470002893,False,0.20232904149644082,False,0.4224119978874078
86,A_good,0,False,0.304440634572274,False,0.8769416270226886,False,0.4417796615137848,False,0.5669359770864322,False,0.7166779227402378
87,A_good,0,False,0.74381679408866,False,0.2587705709017254,False,0.35223279390626183,False,0.3344576221065775,False,0.8955609260804629
88,A_good,0,False,0.12755205066084938,False,0.6208058496885553,False,0.7685323080476996,False,0.01339590947371654,False,0.0637964674788182
89,A_good,0,False,0.7422768253085641,False,0.19431845627112554,False,0.8774666355861309,False,0.9682763382772485,False,0.3495764188072119
90,A_good,0,False,0.20685882645540876,False,0.5032946991373703,False,0.9368782780934232,False,0.35205222480405296,False,0.11649829283413905
91,A_good,0,False,0.35786884075407466,False,0.4328986038815844,False,0.04978353883944543,False,0.4704252576835779,False,0.09754212244868299
92,A_good,0,False,0.5335650214647412,False,0.920030697387235,False,0.22274123416548386,False,0.7185092088586815,False,0.7428299439797617
93,A_good,0,False,0.5242519462128271,False,0.9351967535139655,False,0.9620644256913966,False,0.5138148304658516,False,0.11294795393828704
94,A_good,0,False,0.2801009502993963,False,0.9803357694474572,False,0.5005029358500979,False,0.40727515614565,False,0.20521264789814408
95,A_good,0,False,0.6386217107898913,False,0.825785593037446,False,0.9453117678140198,False,0.5048118226386928,False,0.27955645984930155
96,A_good,0,False,0.9999739375625256,False,0.851531351703342,False,0.37949683175452964,False,0.6747916023255494,False,0.8200206739971667
97,A_good,0,False,0.6079039491418687,False,0.4623878458083672,False,0.20569121543586677,False,0.07713481689170824,False,0.09638160467839071
98,A_good,1,False,0.09312838588982623,False,0.2610295777785453,False,0.6661353243139896,True,0.0005356725667521456,False,0.9140310135251641
99,A_good,0,False,0.07395006456285941,False,0.2259486410584005,False,0.09212413367843195,False,0.5568743369220011,False,0.825518664832293
0,A_noQ,5,True,3.5468429722106915e-25,True,9.152123161629904e-20,True,0.00012434890368929016,True,0.0,True,1.349475207282958e-16
1,A_noQ,5,True,5.817037777958441e-21,True,4.58348993467889e-13,True,4.019746120786264e-06,True,0.0,True,7.881191571983445e-19
2,A_noQ,5,True,6.608377342366114e-21,True,6.567610147249784e-22,True,0.0015361351645747446,True,0.0,True,2.784006136873301e-26
3,A_noQ,5,True,1.935303632307899e-21,True,2.373201313754475e-14,True,5.8091524299217936e-05,True,0.0,True,5.88189233561072e-16
4,A_noQ,5,True,7.389432702490597e-18,True,2.159829579563095e-18,True,4.910100436342718e-07,True,0.0,True,7.399981149709895e-22
5,A_noQ,4,True,1.1661850247568841e-27,True,3.066636842019023e-13,False,0.09664410680035848,True,0.0,True,9.827600489355791e-16
6,A_noQ,5,True,3.372515063443548e-26,True,9.615257073637961e-11,True,0.002522147818633965,True,0.0,True,4.212225404428447e-19
7,A_noQ,5,True,1.7710266226316857e-19,True,4.386660461258957e-11,True,1.0427723739251357e-05,True,0.0,True,1.423380015552544e-20
8,A_noQ,5,True,2.668864008979088e-26,True,2.529146906007603e-18,True,0.0029190381790159653,True,0.0,True,7.304545121405728e-29
9,A_noQ,5,True,1.3373588648155793e-24,True,1.1566196572033404e-16,True,0.0005722238124656453,True,0.0,True,3.1830030696600424e-24
10,A_noQ,5,True,9.680061897111266e-26,True,6.974194429245543e-16,True,0.001871155310721175,True,0.0,True,1.5359008037305884e-16
11,A_noQ,5,True,2.3789469617052733e-21,True,1.3297483228381416e-13,True,0.02003302147628346,True,0.0,True,3.6900163999611316e-23
12,A_noQ,5,True,2.980292763281286e-23,True,6.422336444108927e-11,True,9.36155636789692e-05,True,0.0,True,1.6879113426098187e-18
13,A_noQ,5,True,2.4469611387338552e-24,True,6.173695560200047e-14,True,4.158807678087912e-06,True,0.0,True,1.1555500052825702e-19
14,A_noQ,5,True,9.73855988131121e-21,True,9.612080901726777e-10,True,1.199609347009448e-05,True,0.0,True,3.856875169426004e-17
15,A_noQ,5,True,9.975588486220874e-26,True,1.8941461290558407e-11,True,1.498070014968103e-08,True,0.0,True,7.629594492915855e-22
16,A_noQ,5,True,1.4786809389954537e-22,True,1.3850477347034898e-20,True,0.0037005129465682587,True,0.0,True,1.8601980366386844e-16
17,A_noQ,5,True,1.595660232437272e-28,True,1.082821724544492e-12,True,7.36044953880199e-05,True,0.0,True,3.984017066170422e-23
18,A_noQ,5,True,6.393738019473192e-28,True,2.411770922697327e-13,True,0.0010557516672560616,True,0.0,True,2.4646147951287233e-23
19,A_noQ,5,True,5.640673998780452e-30,True,2.715057234963751e-19,True,0.0019222530036522637,True,0.0,True,7.524627863231731e-21
20,A_noQ,5,True,1.154795061581862e-36,True,1.4046909917942793e-17,True,9.564294545967462e-05,True,0.0,True,6.029293353562381e-20
21,A_noQ,5,True,4.2374753285527216e-27,True,7.61888422734401e-14,True,8.57318114710518e-05,True,0.0,True,8.96125909013496e-23
22,A_noQ,5,True,7.260583986415143e-36,True,1.7054163851949258e-18,True,1.5337312528630502e-06,True,0.0,True,2.347210863606735e-20
23,A_noQ,5,True,1.8804035844332443e-19,True,1.8091622836273288e-18,True,0.024280008496325573,True,0.0,True,2.3777428207030494e-22
24,A_noQ,5,True,7.02966793560397e-20,True,5.428852516096398e-13,True,0.00010083486627360334,True,0.0,True,3.599732148984367e-15
25,A_noQ,5,True,3.283003917161188e-22,True,8.031861312814672e-17,True,0.0060737117132994905,True,0.0,True,1.645499676447099e-22
26,A_noQ,5,True,2.007461180723661e-25,True,5.435138815716003e-23,True,1.1829907861112755e-08,True,0.0,True,3.696167495192484e-27
27,A_noQ,5,True,5.0023402263108316e-24,True,1.549136415869603e-07,True,0.01705737843848386,True,0.0,True,4.53196014725878e-18
28,A_noQ,5,True,2.6188563379966086e-27,True,5.938026052754778e-14,True,0.0003781546713291491,True,0.0,True,1.2082537990470828e-19
29,A_noQ,5,True,1.923716512484772e-33,True,7.085955480435335e-12,True,1.238701335434486e-07,True,0.0,True,5.95226504707325e-24
30,A_noQ,4,True,6.288834846814513e-27,True,9.45980230180373e-18,False,0.06855272405058123,True,0.0,True,3.141424893734755e-17
31,A_noQ,5,True,7.381524194505611e-23,True,6.586805745591686e-19,True,8.088144184263199e-07,True,0.0,True,1.050263739816029e-26
32,A_noQ,5,True,4.3401840138928505e-25,True,7.419514386836097e-23,True,0.00011776323345805492,True,0.0,True,6.776670097890324e-28
33,A_noQ,5,True,4.7824833315990483e-26,True,8.689926803545131e-19,True,4.172513154761541e-06,True,0.0,True,7.708883103732775e-22
34,A_noQ,5,True,1.5813530159891093e-17,True,7.500267194176266e-09,True,0.004610407904038622,True,0.0,True,2.254842513880568e-19
35,A_noQ,5,True,5.642155745454813e-27,True,6.326132175712134e-16,True,3.7046848729279916e-06,True,0.0,True,4.128844204505897e-14
36,A_noQ,5,True,7.78392182519045e-22,True,1.2355308895670977e-14,True,0.001806738858672663,True,0.0,True,1.0263457546778183e-18
37,A_noQ,5,True,4.2875900151475244e-24,True,7.155446913500773e-14,True,4.4819455135235055e-07,True,0.0,True,1.0410460204998453e-15
38,A_noQ,5,True,3.8485577310837013e-26,True,1.0216863752699506e-16,True,5.609425465451088e-05,True,0.0,True,4.820523629329158e-23
39,A_noQ,5,True,4.777797837331824e-26,True,3.1107764758552444e-12,True,0.005551142414966864,True,0.0,True,8.075639838244884e-20
40,A_noQ,5,True,9.241142998109064e-33,True,4.862511169791622e-17,True,1.3529505442287872e-06,True,0.0,True,1.953929776040409e-18
41,A_noQ,5,True,2.1574206538779706e-21,True,6.15381956699387e-17,True,0.016800724817192456,True,0.0,True,8.597607868151275e-21
42,A_noQ,5,True,1.3372853498344904e-20,True,8.458168230422119e-21,True,0.0007149499254541949,True,0.0,True,3.606124548214555e-20
43,A_noQ,5,True,3.75722844478411e-33,True,5.726028689100474e-15,True,0.011468633335088019,True,0.0,True,7.930293408237936e-18
44,A_noQ,5,True,1.7860378555297503e-31,True,1.5691846658001503e-19,True,1.3045730445830942e-07,True,0.0,True,3.267226714005841e-19
45,A_noQ,5,True,2.4276812903748964e-22,True,1.2620793680582531e-15,True,5.39056941456282e-07,True,0.0,True,8.696369067846967e-25
46,A_noQ,5,True,2.533435756659816e-38,True,2.325123728741771e-12,True,0.000518409090756299,True,0.0,True,1.9111732254851468e-16
47,A_noQ,5,True,7.029054295180456e-29,True,3.2322306866127333e-21,True,0.01700529089385154,True,0.0,True,4.581141794991392e-27
48,A_noQ,5,True,1.9900128619467254e-19,True,1.4696947850384557e-09,True,9.078757110027187e-05,True,0.0,True,2.154437192515609e-26
49,A_noQ,5,True,2.0744051865945365e-19,True,6.416312734394987e-09,True,9.213967873883108e-05,True,0.0,True,3.500027644704445e-16
50,A_noQ,5,True,2.4901310109972384e-28,True,6.622257456639202e-19,True,0.00011032880537228147,True,0.0,True,5.829633672204205e-31
51,A_noQ,5,True,4.114207973853998e-33,True,6.8063868540936055e-18,True,0.02794893793395915,True,0.0,True,8.461036076472571e-31
52,A_noQ,5,True,5.520580466451591e-25,True,2.3280807597812307e-21,True,6.825293369874974e-06,True,0.0,True,3.686611449634804e-30
53,A_noQ,5,True,8.794594111103435e-19,True,1.2072768298431058e-21,True,0.0034041669065836603,True,0.0,True,6.097176580739955e-25
54,A_noQ,5,True,4.815947265676155e-31,True,1.441529586759443e-17,True,0.0013420654607091765,True,0.0,True,6.84970939591383e-21
55,A_noQ,5,True,3.932041788250179e-34,True,1.2924849488028333e-18,True,1.1431243751599354e-07,True,0.0,True,1.3317869069668894e-26
56,A_noQ,5,True,1.4046969660163355e-30,True,2.883149033890465e-11,True,0.001076054111477401,True,0.0,True,7.730745751129388e-20
57,A_noQ,5,True,9.52565220513125e-21,True,4.7498251111806284e-14,True,0.002144462473874859,True,0.0,True,5.188838344876663e-19
58,A_noQ,5,True,2.507682991047248e-20,True,1.4339717446141044e-12,True,2.148994308371766e-06,True,0.0,True,4.324203943347151e-18
59,A_noQ,5,True,2.5566364418083043e-25,True,2.11223901462213e-14,True,2.0677818298311766e-05,True,0.0,True,7.06568608586875e-21
60,A_noQ,5,True,5.646564968400475e-23,True,1.4882960802823315e-10,True,0.001698253067082245,True,0.0,True,1.2783744641902281e-18
61,A_noQ,5,True,1.8674893701284347e-29,True,4.217615240864042e-21,True,0.00018392161531899262,True,0.0,True,1.8727466585321195e-24
62,A_noQ,5,True,2.5602911224558574e-21,True,1.559079542350574e-18,True,0.002587829578936261,True,0.0,True,1.5149513542668028e-13
63,A_noQ,5,True,4.733069904609412e-24,True,4.060398200116955e-15,True,0.00010127556156387556,True,0.0,True,2.2433469276686457e-29
64,A_noQ,4,True,1.0234171915925039e-17,True,5.52121398112273e-12,False,0.6405600959559226,True,0.0,True,9.039797443394802e-23
65,A_noQ,5,True,7.294100204878935e-16,True,4.613901767250792e-17,True,0.0035220444909024526,True,0.0,True,5.420233943205373e-20
66,A_noQ,5,True,2.2276064536137196e-25,True,3.1257615987794224e-14,True,0.0018690066567077616,True,0.0,True,1.2537132406020935e-22
67,A_noQ,5,True,1.6015667553483932e-31,True,2.1985142627887518e-13,True,0.00046247481680706664,True,0.0,True,7.422861237304636e-20
68,A_noQ,5,True,1.1755740061516752e-38,True,2.3557408391312544e-16,True,0.011956100038844824,True,0.0,True,1.911562783644826e-29
69,A_noQ,5,True,2.3186005932485932e-29,True,6.438164062318758e-16,True,0.008905348914627428,True,0.0,True,4.297258424977906e-21
70,A_noQ,5,True,5.5429577429608265e-27,True,8.054337972277238e-16,True,0.0007038514057115797,True,0.0,True,2.8698484880734134e-14
71,A_noQ,4,True,1.1911071057321787e-21,True,1.0238099550476226e-10,False,0.21973653538851146,True,0.0,True,1.9979260414314332e-20
72,A_noQ,5,True,3.313706588994058e-25,True,6.787431574112267e-10,True,6.263942478052622e-05,True,0.0,True,3.225696846113406e-15
73,A_noQ,5,True,1.5085577752253038e-21,True,9.93512866740427e-13,True,6.478169710840575e-05,True,0.0,True,7.165893344859393e-21
74,A_noQ,5,True,5.075905966803064e-24,True,2.359124493409758e-14,True,0.0004231878044386701,True,0.0,True,1.7089946074908613e-22
75,A_noQ,5,True,1.537035871079154e-26,True,1.2541555719281864e-14,True,0.00015057211296646726,True,0.0,True,9.91088143540633e-20
76,A_noQ,5,True,1.0364369331748999e-20,True,9.850148280520527e-16,True,1.9725911004304286e-06,True,0.0,True,8.717108738805688e-22
77,A_noQ,5,True,2.0260749875903636e-26,True,9.47786195132686e-13,True,0.0012967797915620011,True,0.0,True,1.4797055470885485e-24
78,A_noQ,5,True,9.54191854110834e-25,True,8.84784449637923e-18,True,0.020916029004859962,True,0.0,True,1.0539407291025225e-19
79,A_noQ,5,True,9.240794215311966e-27,True,1.813630790895413e-14,True,0.010345426052398372,True,0.0,True,9.710873860139376e-17
80,A_noQ,5,True,3.190927932386514e-25,True,7.352534675531957e-18,True,0.0003907366249046755,True,0.0,True,1.3599147159439446e-19
81,A_noQ,5,True,9.170405781093759e-17,True,4.653916510781557e-14,True,0.0004050823667972819,True,0.0,True,1.1579693226920866e-26
82,A_noQ,5,True,1.4005110446545608e-25,True,2.909653792183765e-15,True,2.558284611072114e-05,True,0.0,True,3.6528945391296793e-13
83,A_noQ,5,True,6.382309077690935e-19,True,1.2439053051479032e-14,True,0.0002822654321538586,True,0.0,True,4.9910419434294084e-21
84,A_noQ,5,True,1.6981964612643274e-26,True,6.139257285847665e-15,True,0.0058993137228697074,True,0.0,True,5.437469598734348e-31
85,A_noQ,5,True,4.520467528123141e-29,True,1.3253587596490445e-20,True,0.0017142047872606252,True,0.0,True,5.9180533615321215e-27
86,A_noQ,5,True,1.4676706867084852e-21,True,7.408026367141118e-11,True,2.8792153157744296e-08,True,0.0,True,4.673642597211199e-18
87,A_noQ,5,True,5.77119962400142e-27,True,3.5166235032543833e-07,True,0.00016930948040299207,True,0.0,True,2.9437489300125724e-19
88,A_noQ,5,True,2.125137793293659e-27,True,3.039640133338288e-13,True,8.363797124131242e-07,True,0.0,True,1.0168583963555048e-15
89,A_noQ,5,True,2.322183731682831e-25,True,1.365046146060571e-15,True,0.008508360011758467,True,0.0,True,8.832069926580408e-26
90,A_noQ,5,True,1.7355763869029653e-24,True,6.158055832702192e-22,True,7.336052855884911e-06,True,0.0,True,1.6154331935024683e-17
91,A_noQ,5,True,7.715741643700496e-30,True,6.591610928767207e-17,True,0.0012548127410108205,True,0.0,True,8.82026064255668e-19
92,A_noQ,5,True,1.1804005708461787e-25,True,1.027373267401423e-20,True,0.03106142009749615,True,0.0,True,5.481761912270819e-21
93,A_noQ,5,True,4.5185689455626664e-26,True,1.0879540263381928e-15,True,3.880522088947942e-09,True,0.0,True,9.700261097058299e-17
94,A_noQ,5,True,3.025710266646114e-27,True,1.6042691517732373e-19,True,9.255196283364914e-07,True,0.0,True,1.314263539243395e-20
95,A_noQ,5,True,8.064889200536045e-30,True,8.774540076162874e-13,True,0.0019443844393359057,True,0.0,True,5.050319582373226e-24
96,A_noQ,5,True,2.6440096249251378e-20,True,8.728579954926644e-09,True,5.985789475769822e-06,True,0.0,True,2.6909837777795335e-26
97,A_noQ,5,True,7.806083932484591e-28,True,2.8377965093999515e-12,True,0.014907352034873015,True,0.0,True,6.892418699389848e-21
98,A_noQ,5,True,2.8766920934684655e-19,True,5.487638779384327e-15,True,0.038282346557411084,True,0.0,True,1.5193439644856705e-19
99,A_noQ,5,True,6.2181672554977e-24,True,1.777528329745656e-13,True,0.0002840273468990667,True,0.0,True,1.2723964412680954e-18
