draw,S,mae_or_nonnull,beta_NH-Black,se_NH-Black,OR_NH-Black,covered_NH-Black,flag_NH-Black,p_NH-Black,beta_NH-Asian,se_NH-Asian,OR_NH-Asian,covered_NH-Asian,flag_NH-Asian,p_NH-Asian,beta_NH-AmInd-AKNat,se_NH-AmInd-AKNat,OR_NH-AmInd-AKNat,covered_NH-AmInd-AKNat,flag_NH-AmInd-AKNat,p_NH-AmInd-AKNat,beta_Hispanic,se_Hispanic,OR_Hispanic,covered_Hispanic,flag_Hispanic,p_Hispanic,beta_NH-Other-Multi,se_NH-Other-Multi,OR_NH-Other-Multi,covered_NH-Other-Multi,flag_NH-Other-Multi,p_NH-Other-Multi
0,3,0.01335125515489873,-0.5224150396540219,0.05958663319553282,0.5930864896226054,True,True,9.998770366009004e-18,-0.18451650277557957,0.03250029619979653,0.831506217625674,True,True,2.308093662672852e-09,-0.0787643998416931,0.17949701453647213,0.9242576540451249,True,False,0.6816208946408374,-0.2814980973559881,0.02952618120619177,0.7546523515086938,True,True,4.8576828399874937e-20,-0.05403240697023395,0.06716508508995311,0.947401403595221,True,False,0.4422624172943139
1,3,0.018548219662207172,-0.5652432753394845,0.05958663319553282,0.5682218955671231,True,True,7.339370601132748e-16,-0.19007779326605656,0.03250029619979653,0.8268948045936652,True,True,5.4297173900576924e-09,-0.148996038736261,0.17949701453647213,0.8615725278082115,True,False,0.37207073311910643,-0.2876953205300087,0.02952618120619177,0.7499900640071457,True,True,7.601045151358542e-23,0.142750372659813,0.06716508508995311,1.1534418351079845,False,False,0.04327334943866691
2,3,0.010263724668394389,-0.49168897047039034,0.05958663319553282,0.6115925595990613,True,True,3.327274622157058e-18,-0.22039455961525267,0.03250029619979653,0.8022022189130823,True,True,1.4144918416549162e-11,0.19421558998087127,0.17949701453647213,1.214358058167694,True,False,0.31233780623135443,-0.31249746891837243,0.02952618120619177,0.7316174807278621,True,True,1.1975584409523416e-26,0.04627900047314124,0.06716508508995311,1.0473665859695964,True,False,0.5178435031677852
3,3,0.02607083125253362,-0.490964010885979,0.05958663319553282,0.6120361002419916,True,True,2.2446714675155954e-16,-0.2467333283727669,0.03250029619979653,0.7813490293686122,True,True,3.8988212414370114e-15,0.045825694490899585,0.17949701453647213,1.0468919160240675,True,False,0.7513762794254568,-0.3488585840506728,0.02952618120619177,0.7054928911628449,True,True,1.7472087107285003e-30,-0.0010900726469080771,0.06716508508995311,0.9989105212664572,True,False,0.9870019862021888
4,3,0.016431423013828123,-0.44214000765953154,0.05958663319553282,0.642659651882748,True,True,1.1739289319186623e-15,-0.2147680921170662,0.03250029619979653,0.8067285051853034,True,True,1.2033581975888778e-11,-0.13740407027218146,0.17949701453647213,0.8716179600604188,True,False,0.40288141478432815,-0.30157115853376454,0.02952618120619177,0.7396551917030265,True,True,6.392396573169132e-26,0.0589284852657174,0.06716508508995311,1.060699382393211,True,False,0.365213452545721
5,4,0.029507868756964095,-0.5701686214997137,0.05958663319553282,0.5654300869913372,True,True,7.296491636855397e-20,-0.24653824393671303,0.03250029619979653,0.7815014732726009,True,True,8.758842292134162e-13,0.19144832156657426,0.17949701453647213,1.2110022488237828,True,False,0.27746775917969557,-0.3138556763540136,0.02952618120619177,0.7306244669375027,True,True,4.9542392437376694e-26,-0.18271178934764865,0.06716508508995311,0.8330082029809381,False,True,0.012506661864056424
6,3,0.0368639958456309,-0.4289778951461659,0.05958663319553282,0.6511743231351772,True,True,3.40373239593365e-11,-0.17067270868969325,0.03250029619979653,0.8430974667950372,True,True,6.671018907892241e-09,-0.0028807849374318864,0.17949701453647213,0.9971233605417958,True,False,0.9864440545347658,-0.24538937616261172,0.02952618120619177,0.7823998310790115,True,True,4.697030905713645e-17,-0.026132965850176184,0.06716508508995311,0.9742055449279032,True,False,0.6955476152156423
7,3,0.01948867310274797,-0.5025482363460154,0.05958663319553282,0.6049870438249259,True,True,6.552913060389151e-18,-0.2619186433308401,0.03250029619979653,0.7695736311080767,True,True,1.9329647985727184e-16,-0.07705284960326082,0.17949701453647213,0.9258409219880888,True,False,0.6116176177860887,-0.31053735701435076,0.02952618120619177,0.7330529392310866,True,True,2.9224455204388398e-27,-0.047865281877918234,0.06716508508995311,0.9532622001209803,True,False,0.48791554531069303
8,3,0.02275366101720226,-0.5082647298597548,0.05958663319553282,0.6015385054775767,True,True,3.2471447502633143e-21,-0.13790526676577408,0.03250029619979653,0.8711812176511087,True,True,1.4174429952508367e-05,0.042014710974939286,0.17949701453647213,1.0429098208581529,True,False,0.7937338299698617,-0.2855023365695365,0.02952618120619177,0.7516365849251411,True,True,4.896505929091217e-22,0.10544854264534348,0.06716508508995311,1.1112089231800069,True,False,0.12559562761335952
9,3,0.04408064381610092,-0.5947436178475449,0.05958663319553282,0.5517039947948322,True,True,1.4746139649494652e-28,-0.13931851957851082,0.03250029619979653,0.8699508879331035,True,True,1.0709911384300226e-05,0.027481602315560818,0.17949701453647213,1.027862704639612,True,False,0.8729529963626458,-0.2652510692173886,0.02952618120619177,0.7670133523570978,True,True,3.4687700843145053e-19,0.04386029413061281,0.06716508508995311,1.0448363749174265,True,False,0.534653613989325
10,3,0.021588902594070387,-0.5094714351812437,0.05958663319553282,0.6008130635472839,True,True,9.431606895696305e-17,-0.24316514536948305,0.03250029619979653,0.7841420056567667,True,True,1.1044235530117136e-13,0.012790361229385502,0.17949701453647213,1.0128725077538687,True,False,0.9469260371695691,-0.26751534820855505,0.02952618120619177,0.7652785848773644,True,True,8.317736413737271e-20,0.06776826471641874,0.06716508508995311,1.0701172958082317,True,False,0.307515955731955
11,3,0.016310871271902967,-0.5499959324193241,0.05958663319553282,0.5769521571751592,True,True,4.232019925841637e-16,-0.205792213280777,0.03250029619979653,0.8140021975578057,True,True,6.795108724948289e-11,0.13678936975410932,0.17949701453647213,1.146586617263268,True,False,0.5680791378589978,-0.31993992068130866,0.02952618120619177,0.7261926649236593,True,True,3.18561640543821e-25,-0.07207805630708451,0.06716508508995311,0.9304582648405402,True,False,0.2620484392491711
12,3,0.017441444285405727,-0.47003234381363806,0.05958663319553282,0.624982053652723,True,True,1.8702330202218184e-14,-0.22778806761458145,0.03250029619979653,0.7962930022292877,True,True,5.329026373025241e-13,-0.3213503094457864,0.17949701453647213,0.7251691728787057,True,False,0.06679926198165166,-0.2846820320775947,0.02952618120619177,0.7522534087491514,True,True,3.8263902331023892e-19,0.04980222826905492,0.06716508508995311,1.0510632052297748,True,False,0.45059705528297755
13,3,0.03349250707926976,-0.6238232248586275,0.05958663319553282,0.5358916816225683,False,True,1.8649622300634172e-28,-0.21988785335195515,0.03250029619979653,0.8026088028024392,True,True,5.841344411546934e-09,-0.22234718947277113,0.17949701453647213,0.8006373432173768,True,False,0.1536765206283665,-0.2816538606141618,0.02952618120619177,0.7545348135539194,True,True,8.214800246941369e-21,0.00493515573183823,0.06716508508995311,1.0049473536708746,True,False,0.9433114584170438
14,3,0.015878666098820788,-0.4449922771741288,0.05958663319553282,0.6408292250257267,True,True,6.435057947344069e-13,-0.21286325167424391,0.03250029619979653,0.8082666587718489,True,True,2.4781245922292165e-11,-0.06881301893136067,0.17949701453647213,0.9335012108146958,True,False,0.7126159890976185,-0.3038861428015587,0.02952618120619177,0.7379448820044817,True,True,1.17375307654598e-25,0.012397810185259631,0.06716508508995311,1.0124749816231373,True,False,0.8543281784176422
15,3,0.02406883883178912,-0.4779564646721996,0.05958663319553282,0.6200491904391633,True,True,6.331508305465885e-17,-0.24474229170121878,0.03250029619979653,0.7829062736901999,True,True,1.0825586897512254e-14,-0.0496131678632038,0.17949701453647213,0.9515974617913134,True,False,0.7521062553253212,-0.269604164226514,0.02952618120619177,0.7636817270627735,True,True,9.306614224763806e-18,-0.016090303514782668,0.06716508508995311,0.9840384539118134,True,False,0.7813977438500903
16,3,0.037523252168114106,-0.44906916490391474,0.05958663319553282,0.6382219546070089,True,True,4.3505608053704965e-15,-0.2704168443785848,0.03250029619979653,0.7630613501988164,False,True,8.624073600998552e-15,0.04313998126902434,0.17949701453647213,1.0440840368302475,True,False,0.7935914875760235,-0.33462112425608886,0.02952618120619177,0.7156091619509165,True,True,1.3374263171873236e-31,-0.004332682074194056,0.06716508508995311,0.9956766904518396,True,False,0.9466350325475228
17,3,0.022258343864254588,-0.47290048095907855,0.05958663319553282,0.6231920875705655,True,True,9.067358518457069e-18,-0.16030206251324594,0.03250029619979653,0.8518864271433056,True,True,8.208860221086163e-06,0.11835491725670612,0.17949701453647213,1.1256435508002545,True,False,0.43661741369325313,-0.2773672531135022,0.02952618120619177,0.7577761503512257,True,True,2.9666999281772354e-21,0.08871146842912705,0.06716508508995311,1.0927653135428317,True,False,0.19617497998350475
18,3,0.027016276803190853,-0.5634463981576991,0.05958663319553282,0.5692438384033722,True,True,1.2094393743695233e-17,-0.24102364978721938,0.03250029619979653,0.785823041620857,True,True,1.476560541118359e-13,0.15846450218689007,0.17949701453647213,1.171710330332633,True,False,0.4094210426426089,-0.3147601665560957,0.02952618120619177,0.7299639230385313,True,True,9.655854809846518e-25,-0.0343497238772158,0.06716508508995311,0.9662335306055376,True,False,0.6299545826057407
19,3,0.02341078142738029,-0.5388331853420848,0.05958663319553282,0.5834286084242505,True,True,5.188832121144144e-19,-0.24378948688478078,0.03250029619979653,0.7836525860471347,True,True,8.500422788554846e-13,-0.038682825450695985,0.17949701453647213,0.9620558003751118,True,False,0.8151160610289128,-0.28386224841818825,0.02952618120619177,0.7528703466446287,True,True,1.5629849359642837e-19,0.04637811666316435,0.06716508508995311,1.0474704020999999,True,False,0.47299791439434424
20,3,0.0019008531109955633,-0.49460598124149224,0.05958663319553282,0.6098111369928201,True,True,3.6129015428977346e-17,-0.19742106989072167,0.03250029619979653,0.8208449274506998,True,True,4.149418050111548e-10,0.025334784108325705,0.17949701453647213,1.025658437198083,True,False,0.8873016979304813,-0.3004157182927556,0.02952618120619177,0.7405103130016358,True,True,3.4515388199861674e-24,0.0035646677062780153,0.06716508508995311,1.003571028690225,True,False,0.9562197729698454
21,3,0.01884547714818574,-0.4549119323072424,0.05958663319553282,0.6345038447773758,True,True,3.435975886141642e-11,-0.23393506027537067,0.03250029619979653,0.7914132083826791,True,True,1.6524960772184445e-11,0.15677341685717544,0.17949701453647213,1.1697305426490976,True,False,0.4045412539812274,-0.30168293673438756,0.02952618120619177,0.7395725189972057,True,True,4.96524787023493e-31,-0.040769455637432145,0.06716508508995311,0.9600504386524937,True,False,0.5185929794657012
22,3,0.03499047479553293,-0.42413606237103885,0.05958663319553282,0.6543348455012113,True,True,1.8269009912779794e-11,-0.23422137164162266,0.03250029619979653,0.7911866502203534,True,True,1.2880069227439482e-13,-0.18275862935579493,0.17949701453647213,0.8329691857837146,True,False,0.260071745882242,-0.34080850574371685,0.02952618120619177,0.7111950849413254,True,True,1.2263755530469458e-34,-0.01792489443203387,0.06716508508995311,0.9822348008906493,True,False,0.7846578004303377
23,3,0.020216295903299503,-0.5741568635314457,0.05958663319553282,0.5631795058666696,True,True,1.9045711878651468e-31,-0.1907376726482486,0.03250029619979653,0.826349333753146,True,True,1.7403572541609062e-09,-0.3510780309187709,0.17949701453647213,0.7039288234996688,True,False,0.08448164000968972,-0.3131515945178174,0.02952618120619177,0.7311390674929473,True,True,5.394128381421618e-24,0.04676562658106993,0.06716508508995311,1.0478763859258253,True,False,0.48064918694289516
24,3,0.00927745502094901,-0.5165937575499175,0.05958663319553282,0.5965490819761216,True,True,2.1753226395681886e-16,-0.20994553329126067,0.03250029619979653,0.8106283970285916,True,True,1.4245644729701845e-09,0.14204323975730504,0.17949701453647213,1.1526264867490514,True,False,0.44415032206362615,-0.28692682178049855,0.02952618120619177,0.7505666519586628,True,True,4.326153685109123e-23,0.0154734013680011,0.06716508508995311,1.015593734295049,True,False,0.8196630531150767
25,3,0.026015516907573605,-0.5429183326470859,0.05958663319553282,0.5810500782477824,True,True,1.820682986157313e-19,-0.2259412466140758,0.03250029619979653,0.7977649716820328,True,True,3.44531888338047e-13,-0.11689570566640166,0.17949701453647213,0.8896779766966255,True,False,0.4986176131812554,-0.2582288957966572,0.02952618120619177,0.7724184085436386,True,True,5.734469959381683e-17,0.04332425598459888,0.06716508508995311,1.0442764528473294,True,False,0.48702549413960083
26,3,0.031360450819878816,-0.41305585021856195,0.05958663319553282,0.661625329876663,True,True,1.0510464489950267e-15,-0.23089870085283856,0.03250029619979653,0.7938198752388436,True,True,4.7049420452984126e-15,-0.013131151823680721,0.17949701453647213,0.986954685624801,True,False,0.9415255215596927,-0.28117790364045037,0.02952618120619177,0.7548940251381865,True,True,1.6958256229076905e-21,0.011714659565442225,0.06716508508995311,1.01178354491649,True,False,0.8675005883915123
27,3,0.029801544450742384,-0.4357744813655636,0.05958663319553282,0.6467635667262849,True,True,9.372318333922706e-14,-0.252947774615578,0.03250029619979653,0.7765084342162804,True,True,1.8220645226812117e-13,0.12477208872775991,0.17949701453647213,1.1328902251888908,True,False,0.4441198918393696,-0.309424994945237,0.02952618120619177,0.7338688132048437,True,True,4.0211448269338352e-28,0.015458645204976173,0.06716508508995311,1.0155787481389078,True,False,0.8030674370211482
28,3,0.014753895201055375,-0.5189636354377085,0.05958663319553282,0.5951370073808326,True,True,1.4671251158553807e-14,-0.23102764636001963,0.03250029619979653,0.7937175223315361,True,True,2.01235507812892e-12,0.043017898295738884,0.17949701453647213,1.043956579727001,True,False,0.8537369804567183,-0.28945294190708626,0.02952618120619177,0.7486730232066375,True,True,1.4274443823552194e-26,0.08937882937308109,0.06716508508995311,1.0934948258309272,True,False,0.1777570994793911
29,3,0.018301606130878945,-0.5279368695376141,0.05958663319553282,0.5898205920842264,True,True,8.809118816673041e-16,-0.22531777405375267,0.03250029619979653,0.7982625113365077,True,True,3.691157503085387e-11,-0.04348423421984274,0.17949701453647213,0.9574476488811203,True,False,0.7864934535223984,-0.3242192161004145,0.02952618120619177,0.7230917116589621,True,True,2.7365669513607666e-28,-0.07933821934074883,0.06716508508995311,0.9237274491165939,True,False,0.26211467004448674
30,3,0.03521374481977494,-0.602701689773985,0.05958663319553282,0.5473309184294957,True,True,7.648839314113161e-21,-0.20580611805752883,0.03250029619979653,0.8139908791176634,True,True,2.9114097721639513e-10,0.16078301958924043,0.17949701453647213,1.1744301128372023,True,False,0.36869317880577246,-0.357937738834623,0.02952618120619177,0.6991166014658492,True,True,5.759971412084964e-32,-0.00035273920523436073,0.06716508508995311,0.9996473229999248,True,False,0.9960083621642831
31,3,0.0071191671432038195,-0.49438487997894554,0.05958663319553282,0.6099459819117657,True,True,4.433485697073441e-19,-0.22042275493670907,0.03250029619979653,0.8021796008825098,True,True,1.2906081461901889e-12,0.058496625618080986,0.17949701453647213,1.060241408029124,True,False,0.7625308057381572,-0.3018794551646757,0.02952618120619177,0.7394271936467107,True,True,1.392702827670654e-26,0.03209819069480991,0.06716508508995311,1.0326188938939942,True,False,0.559035980661425
32,3,0.05887073955880869,-0.595198120288657,0.05958663319553282,0.5514533009572228,True,True,6.488670138129769e-22,-0.3021402675105729,0.03250029619979653,0.7392343670525867,False,True,1.7121985455070867e-24,-0.02782449344016316,0.17949701453647213,0.9725590423152276,True,False,0.8625878220844674,-0.35841968398984575,0.02952618120619177,0.6987797467860976,False,True,1.9640684106603355e-38,0.1280155683862071,0.06716508508995311,1.1365706971308878,True,False,0.06597610808651731
33,3,0.020947456349943144,-0.540672229581014,0.05958663319553282,0.5823566434007748,True,True,4.6260042791605536e-18,-0.20410190026337735,0.03250029619979653,0.815379279590494,True,True,1.6885176294435523e-10,0.18523635487587692,0.17949701453647213,1.2035028602834859,True,False,0.24148979092956502,-0.34884660630023984,0.02952618120619177,0.7055013414312349,True,True,3.6336028021547675e-32,-0.0779552406865452,0.06716508508995311,0.9250058282427904,True,False,0.22183549882536102
34,3,0.031058132749963163,-0.6014339197765648,0.05958663319553282,0.5480252481787569,True,True,1.388771773002003e-24,-0.2205161360653183,0.03250029619979653,0.8021046959434405,True,True,1.922260496157529e-10,-0.03797065003081297,0.17949701453647213,0.9627411969010051,True,False,0.8309476383001411,-0.32465690582313933,0.02952618120619177,0.7227752911002463,True,True,7.417150515005978e-26,-0.01737513917340907,0.06716508508995311,0.9827749380956737,True,False,0.7948711266878467
35,3,0.012537041477378922,-0.4970878476128838,0.05958663319553282,0.6082995438010808,True,True,4.377132675148426e-16,-0.15926436309744446,0.03250029619979653,0.8527708880139788,True,True,1.493844975039077e-08,0.05818777739634251,0.17949701453647213,1.0599140049171778,True,False,0.7087605752765199,-0.30243555140563194,0.02952618120619177,0.7390161152740254,True,True,7.795203849231652e-24,-0.02859786188551931,0.06716508508995311,0.9718071866088682,True,False,0.6778701121849872
36,3,0.023774829744646436,-0.5172264472079935,0.05958663319553282,0.5961717709144102,True,True,7.464681544303557e-18,-0.17981419217397038,0.03250029619979653,0.8354254255729581,True,True,4.70693007678263e-09,0.19017899043122916,0.17949701453647213,1.2094660611360677,True,False,0.3251987854490803,-0.24195800252360927,0.02952618120619177,0.7850891486224577,False,True,4.076906257626285e-17,0.09634569671372378,0.06716508508995311,1.1011396585663595,True,False,0.15409628558214775
37,3,0.013036951978087777,-0.4659411136671981,0.05958663319553282,0.6275442367380983,True,True,4.49490779266196e-15,-0.21215343374064047,0.03250029619979653,0.8088405846087073,True,True,4.9510155656736394e-11,0.20674304825245554,0.17949701453647213,1.2296665662103148,True,False,0.15853451540217134,-0.3111402632566577,0.02952618120619177,0.7326111102421939,True,True,5.347168326588899e-25,0.009681962882719103,0.06716508508995311,1.0097289847173838,True,False,0.874199333828753
38,3,0.03735981088167247,-0.6019403803360727,0.05958663319553282,0.5477477652779437,False,True,5.045962380714765e-31,-0.23516009870424384,0.03250029619979653,0.7904442903913523,True,True,8.301795347687519e-13,-0.07207140481471982,0.17949701453647213,0.9304644537971674,True,False,0.6730491224072589,-0.26679729075814057,0.02952618120619177,0.765828296205416,True,True,8.655264066559267e-19,0.06407885227582616,0.06716508508995311,1.066176465887787,True,False,0.36055842526884274
39,3,0.01734091303755092,-0.4756017766484691,0.05958663319553282,0.621510933140638,True,True,1.6320594356814236e-14,-0.21810420280550008,0.03250029619979653,0.8040416539050997,True,True,3.464096453977055e-11,-0.07699728614827996,0.17949701453647213,0.9258923663376768,True,False,0.6750851639000129,-0.27027238806112697,0.02952618120619177,0.763171587193484,True,True,1.494294779092839e-20,-0.04349243699504487,0.06716508508995311,0.9574397951854999,True,False,0.5038894502724345
40,3,0.01198375893759999,-0.5365702301996665,0.05958663319553282,0.584750376180428,True,True,1.2847597047702023e-24,-0.21148323381875295,0.03250029619979653,0.8093828511985472,True,True,2.1204420770290642e-13,0.00042268816962575317,0.17949701453647213,1.000422777514858,True,False,0.9981892320901882,-0.2935106093092352,0.02952618120619177,0.7456413120828779,True,True,2.8410038164758923e-25,0.02541647955987504,0.06716508508995311,1.025742232250036,True,False,0.6967523026865758
41,3,0.0184626913207299,-0.46431159656706333,0.05958663319553282,0.6285676644229495,True,True,5.409326830311841e-15,-0.1706818950605808,0.03250029619979653,0.843089721824587,True,True,3.948209254406796e-08,-0.103558315334799,0.17949701453647213,0.9016234427358343,True,False,0.5647923027493118,-0.3122123339806517,0.02952618120619177,0.7318261201764494,True,True,2.523340397140572e-30,0.05558398564109289,0.06716508508995311,1.0571577994196701,True,False,0.4182669073630141
42,3,0.026827558714436168,-0.39635178887216543,0.05958663319553282,0.6727699813100899,True,True,9.238633553294103e-12,-0.2086772016207377,0.03250029619979653,0.8116571949881696,True,True,4.7203745154763443e-11,0.1868674708334058,0.17949701453647213,1.2054675148579528,True,False,0.2556167030844063,-0.2903683210052872,0.02952618120619177,0.7479880171377576,True,True,9.70807690844158e-23,-0.05228591805180272,0.06716508508995311,0.9490574753824694,True,False,0.44343799468648937
43,4,0.020049217174392564,-0.514947800502417,0.05958663319553282,0.5975317846631274,True,True,4.215181050039759e-18,-0.2366040944226199,0.03250029619979653,0.7893037159109321,True,True,2.2985193794232835e-13,0.14323932786910373,0.17949701453647213,1.1540059544051697,True,False,0.5418927005384113,-0.32975974198106256,0.02952618120619177,0.719096481375096,True,True,8.316673883082278e-26,0.15156602235343763,0.06716508508995311,1.1636551265236164,False,True,0.02375266169926616
44,3,0.020240916416001824,-0.4868140743748218,0.05958663319553282,0.6145812887330927,True,True,6.183726129644125e-17,-0.15828288601929702,0.03250029619979653,0.8536082739638127,True,True,5.475414665457981e-06,0.1609046938954734,0.17949701453647213,1.1745730195002593,True,False,0.2579098504924847,-0.32431338607075666,0.02952618120619177,0.7230236213400025,True,True,4.920922229775411e-28,-0.0048439049863983116,0.06716508508995311,0.995167807801851,True,False,0.9410108668534878
45,3,0.029257075373029833,-0.615931898314131,0.05958663319553282,0.5401373076531159,True,True,1.1042767430724022e-24,-0.21131289169941495,0.03250029619979653,0.8095207349321465,True,True,9.183220060362131e-11,0.19078026847420915,0.17949701453647213,1.2101935051985129,True,False,0.2683943629910398,-0.28370854193028194,0.02952618120619177,0.7529860765954545,True,True,2.6624612284860135e-18,-0.05358051338217906,0.06716508508995311,0.9478296249627778,True,False,0.44174846787155975
46,3,0.021379501112587646,-0.5212539560630141,0.05958663319553282,0.5937755125429511,True,True,1.857809532967133e-16,-0.18826956226577204,0.03250029619979653,0.828391374077195,True,True,1.098490083748833e-08,0.1303547360275162,0.17949701453647213,1.139232438443562,True,False,0.4067240229573297,-0.24520901819234842,0.02952618120619177,0.7825409558505854,True,True,6.306995915982399e-16,0.0746415442324409,0.06716508508995311,1.0774978463346698,True,False,0.3037504402759428
47,3,0.02667168094814924,-0.5255004676519494,0.05958663319553282,0.5912593841130614,True,True,1.7711404771098943e-18,-0.2517063994306699,0.03250029619979653,0.777472971069582,True,True,9.327457232746314e-16,0.19636792625296454,0.17949701453647213,1.2169745798707836,True,False,0.2371909618673923,-0.2687893937807652,0.02952618120619177,0.7643042059181938,True,True,2.3272831699923006e-19,-0.07217933414459285,0.06716508508995311,0.9303640348113728,True,False,0.2834541583993734
48,3,0.03676677785867255,-0.5584015464861476,0.05958663319553282,0.5721228451079373,True,True,9.406364275850185e-20,-0.15972795912802737,0.03250029619979653,0.8523756384404445,True,True,1.3413137426288977e-06,0.06160909289313959,0.17949701453647213,1.06354651556663,True,False,0.7230837257621681,-0.2445384814314473,0.02952618120619177,0.7830658542905767,True,True,3.4689921509347382e-15,0.06079939873731724,0.06716508508995311,1.062685716707462,True,False,0.3991245130036981
49,3,0.025390344230611595,-0.5958312028566974,0.05958663319553282,0.5511042959714414,True,True,4.8629626715668846e-23,-0.18151358397198586,0.03250029619979653,0.8340069160999477,True,True,1.6686426512968878e-09,-0.3165469001258553,0.17949701453647213,0.7286608364734464,True,False,0.08472258576160739,-0.3074090905422729,0.02952618120619177,0.735349714753041,True,True,1.1186303018885674e-29,0.002164967236473799,0.06716508508995311,1.0021673124701873,True,False,0.9746376361381628
50,3,0.015116820942596884,-0.5362620292171073,0.05958663319553282,0.5849306245958613,True,True,2.902209133923058e-17,-0.22919577341114025,0.03250029619979653,0.7951728445654872,True,True,4.8132338155180846e-11,0.06504532331537788,0.17949701453647213,1.0672073926653103,True,False,0.7175027029485126,-0.3002599075087855,0.02952618120619177,0.740625701483194,True,True,3.2110142947249124e-21,0.013100715677389156,0.06716508508995311,1.0131869060268386,True,False,0.8482485728919662
51,3,0.019947817576548066,-0.4282341221603222,0.05958663319553282,0.6516588291647127,True,True,3.3864203884193824e-18,-0.2166274719763398,0.03250029619979653,0.8052298841355227,True,True,7.008236306138464e-12,-0.005322692451136666,0.17949701453647213,0.9946914479768207,True,False,0.9806408603320915,-0.2983620542795008,0.02952618120619177,0.7420326350168236,True,True,3.407186867438415e-27,0.10107718774882253,0.06716508508995311,1.1063620360626307,True,False,0.10300027401235505
52,4,0.020155609830297072,-0.5577590484807657,0.05958663319553282,0.5724905510072568,True,True,1.9870481433915385e-20,-0.18235013116048845,0.03250029619979653,0.8333095217014246,True,True,8.2626956237874e-09,-0.015429210519442923,0.17949701453647213,0.9846892099222588,True,False,0.9150530769812907,-0.2841334790385654,0.02952618120619177,0.7526661728437897,True,True,2.24891247939522e-21,0.15243736668152114,0.06716508508995311,1.1646695126935955,False,True,0.02789360510462174
53,3,0.03009781090789661,-0.42116627854272876,0.05958663319553282,0.6562809668932629,True,True,8.963499600747026e-14,-0.1621662846277847,0.03250029619979653,0.8502998009980267,True,True,8.218189531481316e-07,0.20280656494723498,0.17949701453647213,1.2248355192078266,True,False,0.3406156514103862,-0.28795904639921244,0.02952618120619177,0.7497922983047334,True,True,4.0115389576291227e-22,0.034361589972895915,0.06716508508995311,1.0349587697907523,True,False,0.6077034107054344
54,3,0.018071034057205077,-0.5377150451430195,0.05958663319553282,0.5840813282527494,True,True,9.012718552823345e-19,-0.16878955858357747,0.03250029619979653,0.8446866417369435,True,True,4.070783557092596e-06,0.06877175363146547,0.17949701453647213,1.0711916856313557,True,False,0.6625700867830919,-0.2921907509717926,0.02952618120619177,0.7466261027344874,True,True,1.9307591674469382e-25,0.05068128668032584,0.06716508508995311,1.051987557401361,True,False,0.4829042262563259
55,3,0.01566547170753141,-0.528135829803834,0.05958663319553282,0.5897032528955085,True,True,7.071323240804272e-18,-0.2359569926096924,0.03250029619979653,0.7898146410689176,True,True,5.779559454645944e-14,0.14998117654755005,0.17949701453647213,1.161812373202491,True,False,0.5162659069480042,-0.30169266484989105,0.02952618120619177,0.7395653243853128,True,True,3.45384509197342e-24,0.06011251598172407,0.06716508508995311,1.0619560268484205,True,False,0.3925897728104176
56,3,0.029671053561393546,-0.5847605315329079,0.05958663319553282,0.557239287073844,True,True,3.424736937438231e-22,-0.2358786709446794,0.03250029619979653,0.7898765030891944,True,True,5.669553455700505e-12,0.2585555736453723,0.17949701453647213,1.295058118953699,True,False,0.14960575991752903,-0.31477830516963684,0.02952618120619177,0.7299506826251141,True,True,4.839989186902955e-26,0.014955897668950745,0.06716508508995311,1.0150682967504818,True,False,0.8237494712089874
57,3,0.023677925831108542,-0.5116721034882146,0.05958663319553282,0.5994923270644019,True,True,4.6294854449996e-18,-0.1605391278099507,0.03250029619979653,0.8516844983707941,True,True,8.012954126273727e-06,-0.29039194630372556,0.17949701453647213,0.7479703459063693,True,False,0.08350434208678188,-0.2589521958955834,0.02952618120619177,0.7718599202339997,True,True,1.3790354642163007e-18,-0.04360659081355524,0.06716508508995311,0.9573305060148924,True,False,0.5080788062056152
58,3,0.014282640911474761,-0.5156904652626069,0.05958663319553282,0.5970881836073896,True,True,2.036663406882402e-20,-0.23838606705892698,0.03250029619979653,0.7878984507313513,True,True,1.2922772891013523e-10,0.02062221700139472,0.17949701453647213,1.0208363241738456,True,False,0.8889292848938272,-0.3034794276669443,0.02952618120619177,0.7382450763991679,True,True,1.66746767123837e-24,-0.014540736271847751,0.06716508508995311,0.9855644696924659,True,False,0.8285419953344254
59,3,0.04962477027227615,-0.38065080758258185,0.05958663319553282,0.6834164918153169,True,True,4.148913830347964e-09,-0.13626455668641532,0.03250029619979653,0.8726117466766454,True,True,3.1388909592264754e-05,-0.08853033291599817,0.17949701453647213,0.9152753473447012,True,False,0.5869392094460817,-0.27585139070265613,0.02952618120619177,0.7589257057971992,True,True,7.621258144424972e-20,0.005842542769392802,0.06716508508995311,1.005859643710504,True,False,0.9369399143031181
60,3,0.017011283682579165,-0.5080738471079994,0.05958663319553282,0.6016533397623826,True,True,2.3272105084676678e-17,-0.16391168442900872,0.03250029619979653,0.848816982326532,True,True,5.343635151699113e-07,-0.23210517379636775,0.17949701453647213,0.7928627305380244,True,False,0.1966853038780424,-0.2785392985676198,0.02952618120619177,0.7568885225306543,True,True,5.639328509401575e-23,0.002792893273364674,0.06716508508995311,1.0027967970331984,True,False,0.9677838304625022
61,3,0.014190935841568756,-0.5497991497766826,0.05958663319553282,0.5770657025168356,True,True,5.492390456137172e-20,-0.1921608452049574,0.03250029619979653,0.825174132514526,True,True,3.4160500796651386e-09,-0.049738667777751475,0.17949701453647213,0.9514780438848001,True,False,0.8020922099052641,-0.3090368039251931,0.02952618120619177,0.7341537497893535,True,True,2.0975420114061182e-24,-0.020539819074790994,0.06716508508995311,0.9796696861573421,True,False,0.7455739267359467
62,3,0.028935535158188513,-0.5791511926796411,0.05958663319553282,0.5603738141507496,True,True,4.939387095168954e-21,-0.2425072595386549,0.03250029619979653,0.784658051302592,True,True,4.427067686475184e-15,0.1296459625018501,0.17949701453647213,1.1384252667363723,True,False,0.506844107926611,-0.29116107875695324,0.02952618120619177,0.7473952788190098,True,True,7.061151198776743e-23,-0.06483776032546393,0.06716508508995311,0.9372195052309571,True,False,0.30315300689618785
63,4,0.01984526333761934,-0.5209409301815267,0.05958663319553282,0.593961408739813,True,True,6.054917416138082e-18,-0.15513035671163303,0.03250029619979653,0.8563035452934449,True,True,1.1535067161813372e-07,-0.01710736123227702,0.17949701453647213,0.9830381387832896,True,False,0.9309368634703499,-0.287399489040511,0.02952618120619177,0.7502119675062924,True,True,7.362121951693335e-25,0.17393254872984662,0.06716508508995311,1.1899752977680165,False,True,0.0062561615106643724
64,3,0.012150740179730057,-0.5058084095800643,0.05958663319553282,0.6030178928884207,True,True,8.43688552381853e-18,-0.23982592319326382,0.03250029619979653,0.7867648066518769,True,True,4.412202785441907e-15,0.11753949003721445,0.17949701453647213,1.124726044540115,True,False,0.4460792252290814,-0.3013149615712601,0.02952618120619177,0.7398447133928454,True,True,2.3299333821569742e-26,0.016418596790377188,0.06716508508995311,1.016554122649536,True,False,0.8038180385333864
65,3,0.024736299034164078,-0.553317514410688,0.05958663319553282,0.575038942488758,True,True,1.3793324562751444e-19,-0.21904242002223667,0.03250029619979653,0.803287641951241,True,True,9.161042402790777e-10,-0.17283243764895895,0.17949701453647213,0.8412785696499451,True,False,0.33585906594638937,-0.3375109632091556,0.02952618120619177,0.7135441519298419,True,True,4.0912751275737335e-29,0.04007199699227947,0.06716508508995311,1.040885712135283,True,False,0.5544956872440286
66,3,0.014820737272021933,-0.5291890109987386,0.05958663319553282,0.5890825154508631,True,True,2.65367092133919e-21,-0.1886995403301871,0.03250029619979653,0.828035260523586,True,True,1.2710299813617707e-09,0.06515927826705464,0.17949701453647213,1.0673290131616677,True,False,0.7312914223793445,-0.27637585490459493,0.02952618120619177,0.7585277807904092,True,True,1.1410577649530651e-20,-0.012258814157762383,0.06716508508995311,0.9878160190037799,True,False,0.8566056575214699
67,3,0.02728724467290004,-0.558510547559553,0.05958663319553282,0.57206048650234,True,True,1.5773117034136139e-19,-0.2432967643516638,0.03250029619979653,0.7840388044758632,True,True,7.618795460715706e-15,-0.016243404124847503,0.17949701453647213,0.9838878085564344,True,False,0.9122965961727637,-0.2830025944564149,0.02952618120619177,0.7535178328880059,True,True,3.2654281821300457e-22,0.056088557486950415,0.06716508508995311,1.057691346076877,True,False,0.36805857661580743
68,3,0.022703160900314396,-0.40974841197644607,0.05958663319553282,0.6638172375962239,True,True,6.651116532836564e-12,-0.20951701028692069,0.03250029619979653,0.810975844383965,True,True,1.441213378693839e-11,-0.16602513041583,0.17949701453647213,0.8470249478327758,True,False,0.412744065066898,-0.2958671902465128,0.02952618120619177,0.7438862168050537,True,True,2.5907438546606856e-24,-0.12813058543595843,0.06716508508995311,0.8797384906090967,True,False,0.06215013140725992
69,3,0.030310221248946518,-0.4083085037672855,0.05958663319553282,0.6647737619744069,True,True,1.8044811283692055e-13,-0.19642508939467201,0.03250029619979653,0.8216628802536253,True,True,7.126225410774266e-09,0.1551868081767464,0.17949701453647213,1.1678761095352235,True,False,0.34584596051306415,-0.26062003503197817,0.02952618120619177,0.7705736549911405,True,True,1.6220062863534992e-17,-0.05084401500597264,0.06716508508995311,0.9504269113065418,True,False,0.44303882587815546
70,3,0.027027408381127677,-0.5441131804751037,0.05958663319553282,0.580356226430036,True,True,1.2626908249757651e-21,-0.22076393847125145,0.03250029619979653,0.8019059570949748,True,True,4.671767554022994e-12,-0.00923831940309339,0.17949701453647213,0.9908042227627705,True,False,0.9563840948865248,-0.24987104916312025,0.02952618120619177,0.7789012165594965,True,True,2.9868071025802006e-18,0.0069071747548760986,0.06716508508995311,1.006931084303867,True,False,0.9181470263425672
71,4,0.015397115815030412,-0.45081318818860555,0.05958663319553282,0.6371098507068048,True,True,2.529806485733946e-16,-0.18575145356209383,0.03250029619979653,0.8304799821737913,True,True,3.017895336212753e-09,0.04793503042078112,0.17949701453647213,1.0491024933627162,True,False,0.7542664818613253,-0.3052280489765297,0.02952618120619177,0.7369552933266075,True,True,1.1306503204158646e-26,0.15811937230242804,0.06716508508995311,1.1713060078576003,False,True,0.0168931605275591
72,4,0.026129983445781286,-0.5401936171544127,0.05958663319553282,0.5826354332378385,True,True,5.699009613063035e-20,-0.22246786482951747,0.03250029619979653,0.8005407318497825,True,True,2.2803862177596323e-12,0.3784516672715979,0.17949701453647213,1.4600222382343362,False,True,0.014443353887267852,-0.2521567386611988,0.02952618120619177,0.7771229233160675,True,True,9.46610864581118e-17,0.05078968522552705,0.06716508508995311,1.0521015975029322,True,False,0.4448116687123296
73,3,0.01747044892035532,-0.5581111679151897,0.05958663319553282,0.5722890014450644,True,True,7.603202068083298e-23,-0.18926669948406552,0.03250029619979653,0.8275657658975185,True,True,1.761808633596045e-08,-0.22178595556742223,0.17949701453647213,0.8010868141576465,True,False,0.29274134159842524,-0.3126805536379137,0.02952618120619177,0.7314835450077576,True,True,8.75074715926065e-28,0.06081724673850248,0.06716508508995311,1.0627046836926541,True,False,0.3276760768297633
74,4,0.026330976547462154,-0.501218228557647,0.05958663319553282,0.6057922166294348,True,True,2.063377674752233e-18,-0.18256539398222435,0.03250029619979653,0.8331301604480011,True,True,1.1339579833657135e-07,0.287232720924284,0.17949701453647213,1.332734332554374,True,False,0.1016102357812957,-0.21731892260808094,0.02952618120619177,0.8046732998708864,False,True,4.974429705941574e-12,0.18618033276034954,0.06716508508995311,1.2046394767534956,False,True,0.004149464590136694
75,3,0.010716956708372583,-0.5063449714129516,0.05958663319553282,0.6026944232910292,True,True,1.5268986378652406e-19,-0.19611532059753672,0.03250029619979653,0.8219174452017955,True,True,6.42459570900795e-09,0.2812827292273924,0.17949701453647213,1.324828118620044,True,False,0.1481255491074247,-0.2666433959656236,0.02952618120619177,0.7659461622614177,True,True,2.186200161488316e-17,-0.05900631686371177,0.06716508508995311,0.942700814225727,True,False,0.3715104348236714
76,4,0.012736702197463479,-0.47467091261497063,0.05958663319553282,0.6220897446703468,True,True,1.0060304809527137e-16,-0.19840813597198154,0.03250029619979653,0.8200350990076842,True,True,2.9781265247934597e-09,-0.2292990472863963,0.17949701453647213,0.7950907282246399,True,False,0.10976160655780501,-0.2715923472488743,0.02952618120619177,0.7621648963866925,True,True,2.025715766020937e-18,0.14020275640549992,0.06716508508995311,1.1505070478835924,False,True,0.028754121563988377
77,4,0.014240468527253506,-0.4874106968535667,0.05958663319553282,0.614214725082149,True,True,1.729205743517331e-13,-0.18751142932511689,0.03250029619979653,0.8290196429912249,True,True,4.8598588008042126e-08,-0.4358103873870365,0.17949701453647213,0.6467403444366826,False,True,0.032857556180408025,-0.26713897299276657,0.02952618120619177,0.7655666709807197,True,True,4.0173785004127243e-19,0.04832832105472361,0.06716508508995311,1.0495151766943267,True,False,0.5087706512569572
78,3,0.04811273192849833,-0.6547679678887903,0.05958663319553282,0.5195626038096577,False,True,2.2080452601280606e-32,-0.2656761236447601,0.03250029619979653,0.766687399214646,False,True,1.928367215664303e-16,0.03121811383394663,0.17949701453647213,1.031710509681982,True,False,0.8715800258580875,-0.307216384606641,0.02952618120619177,0.7354914346625344,True,True,4.669184196422006e-25,0.09033608187220322,0.06716508508995311,1.094542077647971,True,False,0.23372234282534332
79,4,0.017848022398891012,-0.5396637383812143,0.05958663319553282,0.5829442411945898,True,True,4.963273274167079e-19,-0.16473057553563014,0.03250029619979653,0.8481221781718541,True,True,5.371419934294055e-07,-0.08487640505485652,0.17949701453647213,0.9186258148926144,True,False,0.6829629642989508,-0.3007646141358408,0.02952618120619177,0.7402519970969608,True,True,3.588978798337666e-24,0.22373061707565806,0.06716508508995311,1.2507340476478488,False,True,0.0011693634646591173
80,3,0.04052068595602613,-0.4207241246517889,0.05958663319553282,0.6565712082372658,True,True,1.1249255509546413e-13,-0.16115642096865576,0.03250029619979653,0.8511589215907392,True,True,5.450610152552948e-07,-0.29316463060993353,0.17949701453647213,0.7458993327264275,True,False,0.08824075958247503,-0.24857474840320312,0.02952618120619177,0.7799115615124065,True,True,5.027115866134933e-18,0.050989914173285744,0.06716508508995311,1.052312279790378,True,False,0.4828822927332328
81,3,0.0168720731278121,-0.5138871980718696,0.05958663319553282,0.5981658645201506,True,True,1.6091774396152337e-20,-0.18834274710221813,0.03250029619979653,0.8283307506083563,True,True,1.3943552325165156e-08,-0.25627744040079253,0.17949701453647213,0.7739272203254841,True,False,0.1454376107565006,-0.25686885040825086,0.02952618120619177,0.773469647342297,True,True,3.8233379356084066e-19,-0.04553691791193025,0.06716508508995311,0.9554843274345654,True,False,0.5062060544740296
82,4,0.0150221624550028,-0.4913739216120234,0.05958663319553282,0.6117852714919857,True,True,1.0221706592789619e-14,-0.17698396186701879,0.03250029619979653,0.8377932210543352,True,True,1.0906444387152356e-07,0.0859134683889191,0.17949701453647213,1.0897120296877387,True,False,0.672600582274915,-0.2723763012783225,0.02952618120619177,0.7615676282910206,True,True,1.7517879319092042e-19,0.18295796921573654,0.06716508508995311,1.200763937970161,False,True,0.014411145659364197
83,4,0.013317875527834774,-0.5275176355012013,0.05958663319553282,0.5900679167916505,True,True,1.321356266631305e-18,-0.21385092302429912,0.03250029619979653,0.8074687510499364,True,True,3.0126350417182184e-12,0.2724463302315458,0.17949701453647213,1.3131729793314524,True,False,0.11635702866255332,-0.3166450266211721,0.02952618120619177,0.7285893390472419,True,True,1.1302725718398876e-27,0.1686539805391487,0.06716508508995311,1.183710481190777,False,True,0.009685941647741687
84,3,0.033670428154436736,-0.6376270912582778,0.05958663319553282,0.5285451265320489,False,True,5.934765286647556e-29,-0.20379040561516026,0.03250029619979653,0.815633305434145,True,True,6.515667488133576e-10,-0.044795985169345895,0.17949701453647213,0.9561925393941029,True,False,0.8209413746635096,-0.27345505896921435,0.02952618120619177,0.7607465243206067,True,True,3.896132548726982e-21,0.014787055942542857,0.06716508508995311,1.0148969253345665,True,False,0.8175223047843131
85,3,0.025675260360312608,-0.5636033235052531,0.05958663319553282,0.5691545166247967,True,True,9.780106449701789e-20,-0.2078901400238952,0.03250029619979653,0.8122962706591143,True,True,2.2919723698479223e-09,-0.1453546319105631,0.17949701453647213,0.8647155829900682,True,False,0.4056149829081884,-0.3458719850107439,0.02952618120619177,0.7076030651074844,True,True,3.71504085228944e-34,-0.037439344569710487,0.06716508508995311,0.9632528424645521,True,False,0.5591309736472223
86,3,0.008478800806874095,-0.4758877525823712,0.05958663319553282,0.6213332213829568,True,True,1.2803988326619392e-15,-0.19802658183697608,0.03250029619979653,0.8203480464899665,True,True,1.0489691045784528e-09,0.01542272804122,0.17949701453647213,1.0155422720857659,True,False,0.9303519807971881,-0.3122457397866309,0.02952618120619177,0.7318016733434036,True,True,3.1071723663520003e-26,0.07478431040790563,0.06716508508995311,1.077651687562663,True,False,0.3007508692434735
87,3,0.0034117891963517666,-0.4946723789579555,0.05958663319553282,0.6097706482700441,True,True,4.4555527951058084e-14,-0.20538789028946644,0.03250029619979653,0.8143313839055755,True,True,1.6460028299150017e-09,-0.20905894898628535,0.17949701453647213,0.8113474061265581,True,False,0.18896880096676671,-0.29650187879351625,0.02952618120619177,0.7434142305409561,True,True,9.416101788795956e-22,0.05897897058039282,0.06716508508995311,1.0607529334870678,True,False,0.38081315658220605
88,3,0.009666247258696803,-0.5098823930647218,0.05958663319553282,0.6005662054099455,True,True,4.2250269479442885e-18,-0.20047019356288856,0.03250029619979653,0.8183458816372734,True,True,9.252648822386113e-13,0.023051340756185666,0.17949701453647213,1.023319076173761,True,False,0.9100124957846852,-0.26988454328417805,0.02952618120619177,0.763467636714412,True,True,2.603336356107007e-21,0.022153804645114832,0.06716508508995311,1.0224010224045819,True,False,0.7167113121261802
89,3,0.01347004753615122,-0.4711676636798162,0.05958663319553282,0.6242729017445028,True,True,1.1743127627001348e-16,-0.18352248279393307,0.03250029619979653,0.832333162352558,True,True,2.6244842734683755e-08,0.23372182250844223,0.17949701453647213,1.2632930236403033,True,False,0.15894525864143416,-0.3123126234824074,0.02952618120619177,0.7317527293797098,True,True,1.9711069216057943e-25,-0.066112421795816,0.06716508508995311,0.9360256286942347,True,False,0.3115160029215156
90,3,0.028051681910835253,-0.3862935666914214,0.05958663319553282,0.6795709969850937,False,True,1.1982561886148397e-13,-0.1907016778028044,0.03250029619979653,0.8263790786050248,True,True,2.8315831195465935e-08,-0.05484823843347569,0.17949701453647213,0.9466287989223016,True,False,0.8110821256929333,-0.30469010891870557,0.02952618120619177,0.7373518377487154,True,True,1.6010676327535872e-29,-0.021335887229376335,0.06716508508995311,0.9788901126561683,True,False,0.7584229483916058
91,3,0.020634824192430234,-0.529069637345854,0.05958663319553282,0.5891528405799832,True,True,5.579793521716385e-17,-0.16987817789600101,0.03250029619979653,0.8437675998799222,True,True,1.29008177993828e-07,-0.04794814520918882,0.17949701453647213,0.9531832129121208,True,False,0.7693156825756219,-0.27403162870218306,0.02952618120619177,0.7603080273244179,True,True,6.916368609418673e-21,0.04111908416662294,0.06716508508995311,1.0419761810227786,True,False,0.5066797713469219
92,3,0.010971930964810158,-0.5253704700540841,0.05958663319553282,0.5913362514088851,True,True,3.792548362114002e-21,-0.19172039548442632,0.03250029619979653,0.8255376602825565,True,True,1.1779803317362419e-08,-0.1742105405999529,0.17949701453647213,0.8401199996682178,True,False,0.41272406739011336,-0.31484261203296027,0.02952618120619177,0.7299037432956104,True,True,6.289959991702862e-26,0.05288958532775443,0.06716508508995311,1.0543132270429343,True,False,0.4396424132474841
93,3,0.02282357712543241,-0.5191752216826603,0.05958663319553282,0.5950110978970363,True,True,6.540051382197527e-20,-0.14068537238422996,0.03250029619979653,0.8687626054097491,True,True,4.423818412279585e-05,0.12876240886917578,0.17949701453647213,1.1374198511911058,True,False,0.4247211308184038,-0.3093839935693324,0.02952618120619177,0.7338989034527851,True,True,3.1456520507716744e-22,-0.00017176922279413414,0.06716508508995311,0.9998282455286942,True,False,0.9979521697564292
94,3,0.015955353542833617,-0.5689781339968034,0.05958663319553282,0.5661036252835815,True,True,3.1475228314558058e-18,-0.20318688491214507,0.03250029619979653,0.8161257055919421,True,True,1.350032617720781e-10,-0.19083465828415339,0.17949701453647213,0.826269193623816,True,False,0.27424323380760707,-0.29349600814297855,0.02952618120619177,0.7456521993951271,True,True,2.548359833868537e-22,0.035471574773705467,0.06716508508995311,1.0361081960995366,True,False,0.6000902287696355
95,3,0.011864051124328126,-0.46694138963534754,0.05958663319553282,0.6269168331598118,True,True,5.113942191345226e-13,-0.20411349381851993,0.03250029619979653,0.8153698265006516,True,True,1.4986771004207377e-09,-0.0737361037839956,0.17949701453647213,0.9289167991269586,True,False,0.7450839508251534,-0.3161183551498736,0.02952618120619177,0.7289731673332421,True,True,5.5009257334054236e-30,0.07976245189054486,0.06716508508995311,1.0830297654420746,True,False,0.21305391584782707
96,3,0.020067742662452964,-0.5553096797373007,0.05958663319553282,0.5738945101737626,True,True,1.6523843481815675e-17,-0.18397315522152355,0.03250029619979653,0.8319581372587987,True,True,1.1961267643658573e-09,0.3125522126575732,0.17949701453647213,1.36690930927832,True,False,0.09354842787198618,-0.280828392730417,0.02952618120619177,0.755157914949389,True,True,1.2926001155562928e-21,0.05284386882575,0.06716508508995311,1.0542650286319166,True,False,0.4432782382660114
97,3,0.01695291584017178,-0.5411408848319312,0.05958663319553282,0.5820837828456986,True,True,6.960164974662999e-17,-0.20157253982061366,0.03250029619979653,0.8174442781480419,True,True,6.136679720028476e-11,-0.18917613236474234,0.17949701453647213,0.8276407195391028,True,False,0.31924554733261534,-0.3345042194966164,0.02952618120619177,0.7156928249580773,True,True,5.10130703558135e-31,-0.06003061252508981,0.06716508508995311,0.9417357042351076,True,False,0.3833588247594514
98,3,0.011172755274888035,-0.4838484265210341,0.05958663319553282,0.6164066257285437,True,True,3.3922855855961625e-17,-0.2237152966123104,0.03250029619979653,0.7995427344936775,True,True,4.887402015476705e-13,0.21561806838523448,0.17949701453647213,1.2406284532743406,True,False,0.3711657685284302,-0.30603079951142614,0.02952618120619177,0.7363639394572683,True,True,4.416503929467682e-29,-0.04749882700842332,0.06716508508995311,0.9536115917103348,True,False,0.4841567361851117
99,3,0.006947194458381804,-0.5244439066156188,0.05958663319553282,0.5918844158746384,True,True,1.4163605912475878e-20,-0.20732639468030217,0.03250029619979653,0.8127543280010319,True,True,1.823052942368716e-11,0.12456833041777335,0.17949701453647213,1.132659412906965,True,False,0.44735416262974337,-0.300295547282003,0.02952618120619177,0.7405993062215175,True,True,1.4485387429723465e-21,-0.030725151022671645,0.06716508508995311,0.9697420690672284,True,False,0.6349214222422179
