job_id,Y_hist,Q,gender,ethnicity,age_band,location
72,0,0.6325014050190064,Female,E5,30-39,R4
246,0,0.1932196656760746,Male,E2,40-49,R1
187,0,0.3822524246674559,Female,E1,30-39,R1
41,0,0.3558882596904565,Male,E5,30-39,R1
234,0,0.1991024761733864,Female,E3,18-29,R1
73,0,0.3944385368092449,Male,E3,30-39,R1
175,0,0.5109493405970655,Female,E4,18-29,R3
266,1,0.4391069172409016,Male,E1,18-29,R3
219,0,0.1748614934938742,Female,E5,40-49,R3
295,0,0.4747548582836589,Male,E5,18-29,R1
248,1,0.666669215529778,Male,E3,30-39,R2
182,0,0.3874292182310721,Female,E6,30-39,R1
52,0,0.3994962422749912,Male,E1,18-29,R1
97,0,0.3574632574928791,Male,E1,50-64,R1
44,0,0.1860564930914285,Male,E2,30-39,R1
1,0,0.8749325582752572,Male,E1,40-49,R3
214,0,0.2342897040308711,Male,E1,30-39,R3
160,0,0.4950502495991115,Male,E2,40-49,R3
22,1,0.6809468416983314,Female,E1,40-49,R2
240,1,0.5527941037476607,Male,E1,18-29,R3
131,0,0.6724847718544631,Female,E4,30-39,R1
217,0,0.0818336771645903,Male,E2,40-49,R2
167,0,0.5200648156940446,Male,E3,40-49,R1
119,0,0.3984963175457857,Male,E3,30-39,R2
149,1,0.6347317426807045,Male,E2,30-39,R2
83,0,0.0846411551058733,Female,E2,30-39,R3
243,0,0.4233331609350843,Male,E5,18-29,R2
21,0,0.1457386353572976,Female,E4,30-39,R2
278,0,0.2850193304401415,Male,E4,18-29,R1
142,0,0.3091151511193818,Female,E3,18-29,R1
174,1,0.5019997671348317,Male,E6,40-49,R1
112,1,0.2448388729072069,Male,E3,18-29,R1
42,0,0.5324842595586109,Male,E3,30-39,R1
219,0,0.5523126690663154,Male,E3,18-29,R3
214,0,0.0732385015206733,Male,E3,30-39,R1
69,0,0.2011636881148813,Female,E2,30-39,R2
231,0,0.7148697431427394,Male,E4,40-49,R2
173,0,0.3141742689615863,Female,E2,50-64,R3
217,0,0.0608892167713759,Male,E1,18-29,R1
50,0,0.2918057165736407,Female,E3,18-29,R3
291,0,0.202514828193017,Female,E1,30-39,R3
81,0,0.1936735970570682,Female,E5,40-49,R1
230,1,0.7105547552258621,Male,E2,18-29,R1
57,0,0.4927911010424838,Male,E1,30-39,R1
196,0,0.394280944748883,Female,E2,30-39,R3
141,0,0.3282974288343877,Male,E6,18-29,R2
136,0,0.093980097502592,Female,E3,40-49,R3
30,0,0.5254030577072542,Male,E1,40-49,R2
26,1,0.7071463952098791,Female,E1,40-49,R1
91,0,0.621490220662478,Male,E3,30-39,R1
101,0,0.3520004319287366,Male,E5,18-29,R1
146,0,0.4129274179087492,Male,E4,18-29,R1
274,0,0.1668848453537819,Male,E2,30-39,R3
110,0,0.4658740174937908,Male,E3,18-29,R1
123,0,0.8588008380579323,Female,E1,40-49,R1
106,0,0.4047804015561458,Male,E1,40-49,R4
249,0,0.3854448633590083,Male,E1,30-39,R1
38,0,0.6761148853168762,Male,E4,30-39,R1
153,0,0.3212150140932802,Female,E3,40-49,R1
185,0,0.1198654713499181,Female,E2,30-39,R2
6,0,0.01,Male,E2,30-39,R2
44,0,0.3424076957299165,Male,E3,40-49,R2
19,0,0.3890326553108054,Female,E5,50-64,R2
25,0,0.0779967389717893,Female,E2,30-39,R4
87,0,0.3639482840204523,Male,E6,18-29,R2
179,0,0.3018822558023604,Male,E1,40-49,R1
217,1,0.4719865028470076,Female,E1,30-39,R3
151,1,0.361680282101413,Female,E4,18-29,R1
99,1,0.4373474043810393,Male,E4,18-29,R1
263,1,0.4551861028095968,Female,E2,40-49,R2
113,1,0.7560944173102808,Female,E5,50-64,R1
100,0,0.1512437234358851,Male,E2,30-39,R4
55,0,0.4513977703866013,Female,E4,30-39,R3
202,1,0.3872481522440867,Male,E2,50-64,R2
258,0,0.1458477631213339,Male,E4,50-64,R3
108,1,0.5694064915332117,Female,E4,18-29,R4
205,0,0.2097311266913322,Female,E2,50-64,R1
35,1,0.5873449158697936,Male,E1,30-39,R3
78,0,0.083590519882375,Female,E5,18-29,R1
272,0,0.3018276889151115,Female,E2,18-29,R4
216,0,0.4725747849536777,Female,E4,18-29,R3
64,0,0.5679160297491129,Male,E2,40-49,R1
195,0,0.0922913801872481,Male,E4,18-29,R1
12,0,0.3372007117745065,Male,E1,18-29,R3
27,0,0.4939470297650441,Female,E2,30-39,R4
192,0,0.1077447459233229,Male,E2,40-49,R4
106,0,0.1322764680415438,Male,E3,40-49,R2
253,0,0.1621101497417215,Male,E1,30-39,R1
111,0,0.5081812892558658,Male,E5,40-49,R2
18,1,0.806572355848829,Female,E4,18-29,R2
85,0,0.308834900101578,Male,E3,18-29,R1
126,1,0.3956879599778325,Male,E1,40-49,R1
218,0,0.3404558999347516,Female,E6,50-64,R3
94,0,0.1925807201049132,Male,E5,40-49,R1
122,0,0.1939686818882647,Female,E1,18-29,R1
211,0,0.2090433883654347,Female,E2,40-49,R1
61,0,0.576717956461586,Female,E3,30-39,R3
287,0,0.4405778376596354,Male,E4,18-29,R2
45,1,0.2875434428424354,Male,E3,40-49,R2
183,0,0.0863314025912446,Male,E2,50-64,R2
222,0,0.4677093782172549,Male,E5,50-64,R4
219,0,0.5227415758138918,Male,E5,40-49,R2
280,0,0.1881242163924641,Male,E1,18-29,R2
86,1,0.5596434068790882,Male,E1,30-39,R1
65,0,0.30242484557411,Male,E2,50-64,R2
80,0,0.3625399165882659,Male,E2,30-39,R2
261,0,0.7640804619959833,Male,E5,40-49,R3
258,0,0.1316820938524868,Female,E2,30-39,R1
115,0,0.2699474688765266,Male,E1,50-64,R3
101,0,0.2194253306606195,Male,E1,40-49,R1
238,1,0.639421666176046,Male,E6,30-39,R1
18,0,0.01,Male,E2,30-39,R1
122,0,0.1039152691213302,Male,E1,30-39,R2
82,0,0.1780369754411466,Male,E5,40-49,R2
97,1,0.309827762180118,Male,E1,18-29,R1
36,0,0.1151401716773747,Female,E3,40-49,R3
220,1,0.771636667839754,Male,E4,50-64,R1
34,0,0.3938587894693357,Male,E1,40-49,R1
277,0,0.0778540999768883,Female,E2,30-39,R1
5,0,0.4391320676510067,Male,E2,30-39,R2
261,0,0.2319620889932956,Female,E3,30-39,R1
74,0,0.1397112479450218,Male,E3,30-39,R2
199,0,0.2445033827598641,Male,E3,18-29,R1
128,0,0.4744512989996927,Female,E2,50-64,R1
153,1,0.1143704056863767,Female,E3,18-29,R3
218,1,0.2476350639750161,Male,E1,18-29,R1
244,0,0.5229451790519293,Female,E3,40-49,R1
180,0,0.5759454087204335,Male,E6,40-49,R1
286,0,0.1440345229136904,Male,E2,18-29,R2
144,0,0.628657001053448,Female,E1,18-29,R3
211,0,0.4294647333927212,Female,E2,40-49,R1
111,0,0.0696882272001165,Female,E2,50-64,R2
22,0,0.2875721091865842,Male,E3,50-64,R2
294,0,0.7875700315960613,Female,E5,40-49,R1
183,0,0.3856217005957019,Male,E3,18-29,R1
25,0,0.2200644895867143,Male,E3,40-49,R1
142,0,0.3300576861625315,Male,E3,40-49,R2
265,0,0.420484944846757,Male,E5,18-29,R2
72,0,0.2773601286858067,Female,E4,40-49,R3
276,1,0.3059630933845026,Female,E6,30-39,R3
190,0,0.2457836941199264,Female,E1,40-49,R1
69,0,0.6270315223045151,Male,E5,18-29,R1
166,1,0.4443170893508924,Male,E4,40-49,R1
217,0,0.6186012314295609,Male,E1,30-39,R1
212,0,0.5165520716857547,Male,E3,40-49,R1
36,0,0.2374956488921578,Female,E1,50-64,R4
31,0,0.6957101142742533,Female,E6,30-39,R1
227,1,0.6605163995075715,Female,E2,30-39,R3
53,0,0.1007496820014145,Male,E2,50-64,R1
78,1,0.3577069973853301,Female,E2,50-64,R2
60,0,0.4119019809634729,Male,E2,30-39,R4
13,0,0.6252837233804556,Male,E1,18-29,R1
147,0,0.1747289334107173,Male,E4,30-39,R1
247,0,0.2504189411677525,Male,E4,50-64,R4
254,0,0.3050974364846998,Male,E4,30-39,R1
105,0,0.5761358349031224,Female,E1,18-29,R1
142,0,0.3974381376854738,Female,E3,30-39,R1
75,0,0.4498774081004412,Female,E5,30-39,R2
225,0,0.0636541684010355,Male,E2,30-39,R1
263,0,0.3666618093439233,Male,E5,40-49,R2
189,0,0.208324442078863,Female,E3,30-39,R3
60,1,0.8017242583610992,Male,E5,50-64,R3
0,0,0.2610192560399834,Male,E1,40-49,R4
207,1,0.5051157338817214,Male,E1,40-49,R3
110,0,0.4386328499094932,Female,E1,50-64,R4
134,0,0.4345544690408039,Male,E1,40-49,R1
257,0,0.2631488864265842,Male,E2,40-49,R1
236,0,0.1911628663430073,Female,E2,30-39,R1
226,0,0.166387355881245,Male,E4,18-29,R2
174,0,0.5266748876118998,Male,E2,40-49,R1
18,0,0.2634311198790852,Female,E4,30-39,R1
143,0,0.362346953534391,Female,E6,30-39,R3
36,0,0.3653632419779777,Female,E1,50-64,R3
22,0,0.209133471228901,Male,E6,30-39,R2
228,1,0.2318070565437849,Male,E2,30-39,R3
61,0,0.3603066405822203,Female,E1,40-49,R2
35,0,0.1686843360320654,Female,E6,30-39,R2
209,1,0.42992001604717,Male,E4,40-49,R2
277,1,0.5663069014211212,Male,E5,18-29,R3
279,0,0.3850151525928321,Male,E4,50-64,R1
73,0,0.2239765688377966,Female,E3,30-39,R3
153,0,0.7755792635642331,Female,E5,30-39,R1
269,0,0.3172906745924431,Female,E1,18-29,R2
192,0,0.7059007329405825,Male,E5,30-39,R2
148,0,0.2327816808380296,Male,E1,50-64,R1
80,0,0.272208925074936,Female,E1,30-39,R4
155,0,0.3393206568313076,Female,E4,50-64,R1
193,0,0.0677428880154183,Male,E3,30-39,R1
95,1,0.0395236056912356,Male,E2,40-49,R1
27,0,0.4228668191806848,Female,E4,30-39,R1
89,0,0.4122583508782498,Male,E1,30-39,R4
222,0,0.5867453415361015,Male,E3,40-49,R2
44,1,0.3955282600924484,Male,E1,40-49,R1
107,0,0.4736823671279075,Female,E4,18-29,R2
240,0,0.1288274047858543,Male,E3,18-29,R1
29,0,0.3157591780291227,Female,E1,40-49,R1
48,1,0.3022665517017125,Female,E5,18-29,R1
132,0,0.145189281019355,Male,E5,30-39,R1
259,0,0.0929639437389552,Male,E4,30-39,R3
278,0,0.4456518542289769,Female,E4,30-39,R2
65,0,0.644706736820687,Male,E4,40-49,R4
32,0,0.0877122786489449,Male,E2,40-49,R1
244,0,0.4317376386669738,Female,E4,30-39,R1
281,0,0.518882798038595,Female,E3,30-39,R4
11,0,0.7730824855589438,Female,E1,50-64,R4
27,0,0.2007565112204426,Female,E2,40-49,R2
280,0,0.7887329272010919,Male,E4,50-64,R3
15,1,0.1173058229686,Female,E1,30-39,R1
179,0,0.0851732452846529,Male,E6,30-39,R2
117,1,0.5783307344666757,Female,E2,40-49,R3
169,0,0.451562737216179,Male,E4,40-49,R1
230,1,0.7927104643393099,Female,E1,30-39,R2
74,0,0.6302101589946841,Male,E6,30-39,R1
94,0,0.144848437692033,Male,E3,40-49,R4
83,1,0.4338415552551697,Male,E1,18-29,R1
283,0,0.1271262950375762,Female,E3,30-39,R2
240,0,0.0911341899573644,Male,E1,40-49,R2
98,1,0.5601638236295067,Female,E2,30-39,R1
107,0,0.4500134724842864,Male,E1,30-39,R2
286,1,0.5644273629196727,Female,E1,30-39,R1
15,0,0.6869506895041513,Female,E2,30-39,R1
56,0,0.5795155087041669,Female,E1,50-64,R1
23,1,0.3694162021435937,Male,E5,50-64,R3
104,0,0.2646827797500871,Male,E6,40-49,R2
223,0,0.4746738209380499,Male,E2,50-64,R1
214,0,0.3241311786177414,Male,E2,40-49,R2
225,1,0.6905744302375275,Female,E2,50-64,R3
129,0,0.5425033562411875,Male,E4,40-49,R3
73,0,0.2784272101753639,Female,E3,40-49,R2
151,0,0.4289499000129018,Male,E1,18-29,R3
229,1,0.563160280839529,Female,E5,18-29,R1
25,0,0.1489107537712126,Male,E1,40-49,R1
130,0,0.5667307797324365,Female,E6,18-29,R1
55,0,0.513165022887231,Male,E6,30-39,R2
11,0,0.1252934833989378,Female,E4,30-39,R2
226,0,0.3257180826671263,Female,E1,50-64,R3
239,0,0.1395031043208519,Male,E3,18-29,R1
15,0,0.428345115957334,Male,E6,30-39,R3
57,0,0.4466364584545209,Male,E2,50-64,R1
121,0,0.63130194603478,Female,E1,18-29,R2
278,0,0.205474848643573,Female,E6,40-49,R1
70,0,0.3461002401267272,Male,E2,40-49,R2
204,0,0.1773063971151356,Female,E1,30-39,R1
194,0,0.5561736259297086,Female,E5,18-29,R2
41,0,0.2319964267700666,Male,E6,30-39,R1
285,0,0.2745822693727891,Female,E3,30-39,R2
219,1,0.3731208637370922,Female,E5,40-49,R1
198,0,0.3581668332852233,Female,E6,40-49,R2
112,0,0.3577373881546099,Male,E2,30-39,R2
174,0,0.3479920889042546,Male,E1,30-39,R4
260,0,0.3644607340597504,Male,E6,40-49,R2
86,0,0.3023319833933548,Female,E4,30-39,R2
36,0,0.3037177538484181,Female,E2,30-39,R1
120,1,0.306492179596974,Male,E1,18-29,R3
155,0,0.2574103787057953,Female,E2,30-39,R1
101,0,0.2280447018014213,Male,E2,18-29,R1
130,0,0.4971568437338718,Male,E4,30-39,R1
164,0,0.5195477234136999,Male,E5,40-49,R3
249,1,0.7030593526433048,Female,E5,30-39,R1
169,0,0.3806054938913186,Female,E4,30-39,R4
7,0,0.5271125815487436,Male,E1,30-39,R3
142,0,0.3793780726751789,Male,E1,18-29,R1
274,0,0.3888616239969821,Female,E2,18-29,R1
215,0,0.2048786357695589,Female,E3,40-49,R1
207,0,0.3462021152360014,Female,E3,30-39,R2
49,0,0.3433193797718251,Female,E1,30-39,R1
199,0,0.0834234261185226,Male,E2,30-39,R1
134,0,0.5421833515971614,Male,E1,40-49,R2
103,0,0.2978162217138613,Female,E1,18-29,R4
258,0,0.4867644063398758,Male,E1,30-39,R1
110,0,0.4263655279143529,Female,E2,40-49,R1
282,0,0.4703755291872223,Female,E4,40-49,R3
157,0,0.309304943809405,Female,E5,30-39,R1
78,0,0.3860097257533484,Male,E5,18-29,R3
250,1,0.3929300757424113,Female,E3,18-29,R4
183,0,0.202360897236349,Female,E3,40-49,R1
113,0,0.0427776342467516,Male,E1,18-29,R3
16,0,0.7656484397454548,Female,E5,30-39,R4
1,1,0.3366163207647641,Male,E6,30-39,R2
153,0,0.7593062787703293,Female,E1,30-39,R2
268,0,0.2375915740687628,Female,E3,18-29,R1
103,0,0.3791384027190607,Male,E3,30-39,R1
52,0,0.3149614940801515,Male,E1,50-64,R1
111,0,0.0500111608868051,Male,E2,40-49,R1
158,0,0.6638647007237355,Male,E6,40-49,R1
236,0,0.3097751694833763,Male,E2,18-29,R3
147,0,0.6333895187972468,Male,E2,40-49,R2
281,0,0.2523870413591739,Female,E2,30-39,R3
209,0,0.3661142609800298,Male,E3,30-39,R1
1,0,0.6419807372835395,Male,E1,50-64,R1
196,1,0.3405263041662243,Female,E3,30-39,R1
13,1,0.6528308917107667,Female,E1,50-64,R1
277,0,0.7471663680636728,Male,E5,30-39,R1
1,0,0.2223588492947409,Female,E3,18-29,R1
34,0,0.4337772040885694,Female,E1,30-39,R1
23,1,0.3334553210095303,Female,E6,50-64,R2
293,0,0.626014426111033,Male,E5,18-29,R1
87,0,0.01,Female,E2,40-49,R3
172,0,0.5173641332877416,Male,E4,18-29,R1
171,0,0.4309177595497313,Female,E4,30-39,R1
255,0,0.181745176723813,Female,E1,50-64,R3
58,0,0.144947200167472,Male,E1,30-39,R2
170,0,0.2048591959761935,Female,E1,40-49,R2
162,0,0.1057030573485064,Female,E5,18-29,R2
199,0,0.01,Male,E3,18-29,R1
89,0,0.4936752722889734,Female,E1,50-64,R4
91,1,0.6530939847517021,Female,E4,18-29,R1
267,0,0.01,Male,E3,18-29,R1
140,1,0.5232598096105706,Male,E5,30-39,R3
0,0,0.3103532433698749,Male,E5,30-39,R1
281,0,0.1329764711592617,Female,E1,40-49,R2
260,1,0.5552390830427173,Female,E2,30-39,R4
224,1,0.2456795238590793,Female,E2,30-39,R3
290,0,0.2154272900293412,Female,E1,40-49,R4
77,0,0.01,Male,E2,30-39,R1
225,0,0.1449084104216171,Male,E5,18-29,R3
205,0,0.5159379450516697,Male,E4,40-49,R1
90,0,0.7236973806478021,Male,E5,30-39,R1
204,0,0.01,Male,E2,18-29,R1
59,0,0.3785956767000971,Male,E2,30-39,R1
178,0,0.4042633734943669,Female,E6,40-49,R3
45,0,0.0717558603308101,Female,E1,18-29,R2
32,0,0.4999525234686872,Female,E4,18-29,R1
296,0,0.3593128221457884,Male,E4,30-39,R1
289,1,0.4380846649125361,Female,E2,40-49,R4
42,0,0.51703902138814,Male,E2,18-29,R1
93,1,0.7544071243982943,Male,E4,30-39,R2
212,0,0.2433714502333132,Male,E6,18-29,R2
32,0,0.5846676707377044,Female,E1,40-49,R2
171,1,0.0960700070621929,Male,E4,18-29,R3
277,1,0.2349954250952952,Male,E5,40-49,R1
155,0,0.0573752681766551,Male,E2,18-29,R3
291,1,0.4407500001188943,Male,E1,50-64,R3
186,1,0.5061203286986862,Male,E6,30-39,R4
54,0,0.2827484546416353,Male,E1,30-39,R2
63,1,0.3312237222074991,Female,E1,30-39,R4
130,0,0.6632921648813438,Male,E4,40-49,R1
144,0,0.487766490343151,Male,E5,18-29,R1
35,0,0.205744649033893,Male,E1,30-39,R2
263,0,0.7896582878737776,Female,E1,40-49,R3
98,0,0.2453168722535614,Male,E2,18-29,R1
178,1,0.2764684531177721,Female,E1,18-29,R3
193,1,0.706481190718522,Female,E2,40-49,R1
4,1,0.6044728838690707,Male,E2,30-39,R2
16,0,0.4692254717575716,Male,E3,50-64,R1
23,0,0.1496037870502182,Male,E2,18-29,R1
218,0,0.3471731013336944,Female,E1,18-29,R3
54,0,0.3280242021200845,Male,E5,18-29,R3
62,0,0.353407732764352,Female,E2,50-64,R4
259,0,0.5374249373015191,Male,E3,40-49,R1
232,0,0.3392083008311292,Female,E2,30-39,R1
250,0,0.1430939888367267,Female,E6,18-29,R2
199,0,0.1814183285305045,Female,E3,18-29,R3
293,0,0.4904998622995298,Male,E4,50-64,R1
221,0,0.2862256281779751,Female,E1,40-49,R4
152,0,0.4054251302161066,Male,E1,40-49,R1
26,0,0.1237508741801886,Male,E2,30-39,R1
93,0,0.3084540971312127,Female,E2,40-49,R1
189,0,0.2437162212580778,Female,E2,40-49,R2
217,0,0.3782042446660077,Female,E5,18-29,R1
254,0,0.2524680190197732,Male,E1,50-64,R1
220,0,0.2363453804636376,Male,E2,18-29,R2
178,0,0.4125698212458323,Male,E5,40-49,R3
167,0,0.3060833588320824,Male,E3,18-29,R3
166,0,0.1364928361377554,Male,E1,30-39,R1
146,0,0.1479567298826492,Male,E1,30-39,R1
103,0,0.1418841039225576,Male,E1,18-29,R2
61,1,0.1765530943634829,Female,E1,30-39,R4
137,0,0.4045724568531451,Female,E5,40-49,R2
3,0,0.2935741751913482,Female,E2,40-49,R1
283,0,0.1577370905250387,Male,E2,18-29,R1
216,0,0.4346134877700937,Male,E3,50-64,R4
179,0,0.5922079175764645,Female,E1,30-39,R2
107,1,0.4042184459715038,Male,E1,50-64,R1
42,0,0.4667661640052202,Female,E6,18-29,R3
181,0,0.0519480672582329,Male,E2,30-39,R2
79,0,0.3902239094309415,Male,E4,40-49,R2
265,0,0.4772340478165522,Male,E2,30-39,R1
153,1,0.823601101853629,Male,E6,50-64,R1
31,0,0.2327588081902263,Male,E2,40-49,R2
128,0,0.3266903932922846,Male,E1,30-39,R1
297,0,0.489288587405407,Female,E1,18-29,R3
24,0,0.1020038573379501,Male,E4,30-39,R3
176,1,0.5969478071571159,Male,E2,30-39,R3
145,0,0.4895393076368756,Female,E1,18-29,R2
157,0,0.3172508932900839,Female,E5,40-49,R2
26,1,0.449183069918054,Male,E1,18-29,R2
214,1,0.2030174491047466,Male,E3,40-49,R1
212,0,0.3793608437958907,Female,E6,18-29,R2
198,0,0.1858758024721859,Female,E2,18-29,R1
160,0,0.0953136540303197,Male,E1,50-64,R3
44,0,0.1228565912551271,Female,E3,18-29,R2
123,0,0.3392404883366724,Female,E1,30-39,R3
113,0,0.5170466115668134,Male,E1,50-64,R2
119,0,0.1440782620345183,Male,E1,40-49,R2
156,1,0.593835945424357,Female,E5,50-64,R1
40,0,0.282359263473687,Male,E3,18-29,R1
36,0,0.5873065689418862,Female,E4,30-39,R2
47,0,0.1782245280653958,Female,E4,50-64,R1
211,0,0.5313995064691623,Male,E4,40-49,R3
11,0,0.0606210219611704,Male,E2,40-49,R3
200,0,0.42607623724152,Male,E2,40-49,R2
213,1,0.3443599191458387,Male,E6,30-39,R2
261,0,0.3145787572844982,Male,E4,18-29,R2
29,1,0.7127127927344681,Male,E3,30-39,R1
84,1,0.5465702380798653,Female,E6,30-39,R1
63,0,0.325075525433564,Male,E3,18-29,R1
263,1,0.5319468600469794,Female,E1,30-39,R1
5,0,0.302387885255135,Female,E4,40-49,R1
286,0,0.232347090731936,Male,E5,50-64,R1
22,0,0.0803167408259124,Female,E2,40-49,R2
219,1,0.5259279467544703,Male,E1,40-49,R2
195,0,0.7374668460705596,Male,E1,30-39,R1
178,1,0.5785154701643117,Female,E5,18-29,R2
126,0,0.3053129120125389,Male,E1,40-49,R4
16,0,0.4196198797745116,Male,E5,40-49,R2
229,1,0.5358804316019348,Female,E3,30-39,R2
237,0,0.2691855622225828,Male,E4,50-64,R3
247,0,0.5758410571424785,Male,E3,40-49,R2
262,0,0.1627157617562394,Male,E2,30-39,R1
85,0,0.4477559151845182,Female,E4,40-49,R2
267,0,0.6354816564790203,Male,E6,18-29,R1
27,0,0.2804203449547609,Female,E2,40-49,R1
71,0,0.2887616458415601,Female,E3,50-64,R2
232,1,0.5926629179095644,Male,E1,30-39,R1
66,0,0.1390094940786403,Male,E2,40-49,R1
285,0,0.2051565948574591,Male,E2,40-49,R3
172,1,0.8537528710155327,Female,E1,40-49,R1
218,0,0.1185157025496595,Male,E4,30-39,R1
268,1,0.5933348795468687,Male,E1,18-29,R3
166,1,0.2235799440029348,Male,E2,30-39,R1
251,0,0.2697015185721457,Male,E1,18-29,R1
182,0,0.7031709167883355,Male,E2,50-64,R4
120,0,0.3652255587713118,Female,E1,30-39,R1
191,0,0.3970110721972901,Male,E6,18-29,R1
108,0,0.5786080120673713,Female,E5,30-39,R1
277,0,0.5903142848085294,Female,E5,40-49,R1
195,1,0.5920549373221309,Male,E5,40-49,R1
21,0,0.2558915539937321,Female,E4,18-29,R1
61,0,0.2993270036040591,Male,E2,50-64,R2
216,0,0.6346736308140206,Female,E2,30-39,R1
56,0,0.1030466614793213,Male,E1,50-64,R3
116,0,0.3813050530185531,Female,E2,18-29,R2
271,1,0.4868156747847922,Male,E1,18-29,R1
111,0,0.4452243800080154,Male,E6,30-39,R1
79,0,0.4596056908537378,Female,E5,40-49,R3
87,0,0.2149123175099714,Female,E2,18-29,R2
3,0,0.3942162588111468,Male,E5,50-64,R3
207,0,0.5464534822004155,Male,E2,50-64,R3
20,1,0.4144828873518811,Male,E1,18-29,R1
112,0,0.0811996331197051,Female,E3,40-49,R1
2,0,0.4800480656596209,Male,E5,18-29,R1
292,0,0.2378530368093456,Female,E4,40-49,R1
120,0,0.1086810428523097,Male,E1,18-29,R2
26,0,0.3639829423385565,Male,E6,30-39,R3
96,0,0.1006641261860245,Male,E3,18-29,R1
222,0,0.4980661322524381,Male,E1,18-29,R4
106,0,0.2584820870467469,Male,E1,30-39,R1
154,0,0.3412563551161421,Female,E3,50-64,R4
185,1,0.4192049175130372,Male,E5,18-29,R4
225,0,0.2800130538399967,Female,E1,30-39,R4
6,0,0.3100228172069031,Male,E5,30-39,R1
219,0,0.4215378854047452,Female,E4,18-29,R2
132,0,0.7004275832493462,Male,E5,30-39,R2
110,1,0.7140784189825364,Male,E1,50-64,R1
84,1,0.5315666617029746,Male,E4,40-49,R3
180,0,0.4813469469272617,Female,E2,30-39,R2
2,0,0.3802035628444548,Male,E3,18-29,R2
271,1,0.6063678325323805,Male,E1,30-39,R1
125,0,0.0764375827791693,Male,E1,18-29,R4
113,0,0.0713218728818412,Male,E2,30-39,R2
40,1,0.4303844399531528,Female,E1,40-49,R1
61,0,0.4332323698861077,Male,E1,50-64,R3
113,1,0.3263880914495757,Male,E1,40-49,R1
33,0,0.4106475872733288,Female,E2,18-29,R3
210,1,0.2657221276171473,Male,E5,30-39,R3
248,0,0.2246378247813868,Male,E3,30-39,R3
201,0,0.4260864259538057,Female,E1,40-49,R1
209,0,0.2765730248178134,Male,E5,30-39,R1
61,1,0.7774766232264542,Male,E1,18-29,R1
91,0,0.360659548322552,Female,E2,50-64,R2
242,0,0.4610615742728283,Female,E1,30-39,R1
270,0,0.1672921579198181,Female,E5,50-64,R1
17,1,0.5505052842530024,Female,E1,50-64,R1
236,0,0.2402223281893124,Female,E4,30-39,R3
147,0,0.1271876326009361,Female,E1,30-39,R1
100,1,0.5325536053797888,Male,E1,40-49,R1
170,0,0.5185267427700881,Male,E1,18-29,R1
98,0,0.3517220966535402,Female,E2,18-29,R2
117,1,0.4085509624022624,Male,E5,40-49,R1
115,0,0.1841681126143259,Male,E1,18-29,R1
175,1,0.7447157826841064,Female,E1,40-49,R2
170,1,0.1254293850672811,Male,E3,30-39,R1
188,0,0.521630994355781,Male,E6,30-39,R1
205,1,0.1944866856503031,Female,E3,30-39,R3
218,0,0.5907130803972638,Male,E2,40-49,R3
299,0,0.5338468124801145,Male,E4,30-39,R2
35,1,0.5970887357285025,Male,E3,18-29,R1
287,0,0.309161611112289,Female,E1,30-39,R3
205,0,0.4546927444663142,Male,E1,30-39,R2
290,1,0.6024751595725276,Female,E1,18-29,R2
119,0,0.6379332848914825,Male,E1,40-49,R3
117,1,0.423742521432769,Male,E5,18-29,R4
93,0,0.3743212970677189,Female,E2,30-39,R1
30,1,0.8006297621296321,Male,E6,30-39,R2
53,1,0.772484206578615,Female,E6,18-29,R2
246,1,0.347595540368404,Female,E1,18-29,R3
8,0,0.5100478209218943,Male,E1,30-39,R3
64,1,0.4715089079340044,Female,E1,40-49,R2
95,0,0.560358821429772,Female,E5,30-39,R4
136,0,0.5869773231306301,Female,E1,30-39,R1
195,0,0.2405337594529224,Male,E6,18-29,R3
155,0,0.2923044858037983,Male,E2,18-29,R1
268,0,0.2743659281113684,Male,E2,18-29,R1
173,0,0.4834626633903784,Male,E5,30-39,R2
264,1,0.3370805863331805,Female,E1,18-29,R4
86,0,0.4677483395063681,Male,E6,50-64,R1
278,0,0.3889742227625897,Male,E3,18-29,R1
266,0,0.6278126990618081,Male,E1,18-29,R2
154,0,0.5889135080405384,Male,E3,40-49,R1
123,1,0.6934317781040678,Female,E3,40-49,R4
261,0,0.2929768665084471,Female,E4,40-49,R4
12,0,0.2298966684677411,Female,E3,30-39,R1
172,0,0.5546971695677021,Male,E6,18-29,R3
3,0,0.6751808161124608,Male,E5,30-39,R1
257,0,0.1363694229467722,Male,E3,18-29,R1
291,0,0.1826822672256935,Male,E2,40-49,R4
221,0,0.2950261759314678,Male,E2,30-39,R2
245,0,0.4328652916830942,Male,E1,40-49,R1
131,1,0.1243731061273182,Female,E2,30-39,R1
212,0,0.3274451239155873,Female,E2,30-39,R1
190,0,0.4231385512465273,Female,E1,18-29,R1
139,1,0.5056284012134655,Female,E5,40-49,R3
135,0,0.5218164389037786,Male,E2,40-49,R1
188,1,0.3616299805467162,Female,E4,18-29,R3
230,0,0.2961529728530577,Female,E6,50-64,R3
183,0,0.3626314564088397,Female,E6,50-64,R1
243,0,0.1012711289609758,Male,E2,30-39,R1
2,1,0.7925533567406522,Female,E1,18-29,R3
296,0,0.1021499169895024,Male,E1,30-39,R1
84,0,0.0832791407949534,Male,E6,30-39,R2
99,0,0.1936907475004978,Female,E5,18-29,R1
139,0,0.1584181954129755,Female,E1,40-49,R2
179,0,0.2458444485146776,Male,E1,18-29,R1
298,0,0.2484408836148999,Male,E3,40-49,R1
110,0,0.5017875215423778,Female,E4,18-29,R4
61,0,0.5639373943655579,Female,E1,50-64,R3
169,1,0.1124603708899549,Female,E3,18-29,R2
60,1,0.3009714704815316,Female,E6,30-39,R2
211,0,0.477473720403241,Male,E1,30-39,R2
272,0,0.1035934038388789,Female,E4,40-49,R1
287,1,0.9416535513977656,Female,E1,18-29,R3
29,0,0.4539330269000823,Male,E3,30-39,R3
284,0,0.0648138167799886,Male,E3,30-39,R1
261,1,0.3830558004504112,Male,E2,40-49,R2
93,0,0.3077894911376158,Male,E2,40-49,R2
234,0,0.2926481933501353,Male,E1,40-49,R3
19,1,0.4661627660066579,Male,E1,40-49,R1
138,0,0.8308321186025395,Male,E1,30-39,R1
221,0,0.1008095118140456,Female,E1,30-39,R4
284,1,0.6567283920223278,Female,E5,18-29,R1
240,1,0.5539613220598999,Male,E6,30-39,R1
258,0,0.2257476350077309,Male,E1,30-39,R1
202,1,0.01,Female,E3,40-49,R2
37,0,0.485853436549278,Male,E2,30-39,R1
197,0,0.117081314336301,Female,E6,30-39,R2
34,0,0.2986431772315431,Female,E1,40-49,R4
174,0,0.2707193063307136,Female,E4,18-29,R1
224,0,0.2597305575401746,Female,E2,30-39,R2
259,0,0.2698093901791554,Female,E6,40-49,R1
152,0,0.1845995101609855,Female,E3,18-29,R2
69,0,0.2277152993637315,Male,E2,50-64,R3
281,0,0.4170166022261563,Female,E1,18-29,R3
222,0,0.494506246734515,Female,E2,40-49,R1
232,0,0.5786872706314612,Female,E1,18-29,R1
71,1,0.4254964871011276,Male,E4,30-39,R2
19,0,0.4149534735633997,Female,E4,40-49,R2
45,1,0.6433434990868665,Female,E1,40-49,R2
191,0,0.4320844484955408,Male,E2,40-49,R1
19,0,0.0324770763888776,Male,E3,30-39,R1
296,0,0.632114432611368,Male,E1,40-49,R1
258,0,0.4517193998778223,Female,E5,30-39,R1
28,1,0.4802539285796975,Female,E2,18-29,R1
8,0,0.2259236126156529,Male,E3,30-39,R4
122,0,0.6402905658858974,Female,E4,18-29,R1
44,0,0.1303134997321499,Female,E5,40-49,R3
63,0,0.1528991184684067,Female,E4,30-39,R4
43,1,0.4702118092114138,Male,E1,18-29,R2
136,0,0.204726845141131,Male,E3,18-29,R2
24,0,0.1385329808144852,Male,E3,40-49,R1
41,0,0.2701774515284533,Male,E2,40-49,R3
106,0,0.2706417119132831,Female,E1,30-39,R2
11,0,0.1958880937378293,Male,E6,18-29,R2
7,0,0.5403281515509323,Male,E2,50-64,R3
226,0,0.262526949497171,Female,E1,40-49,R4
287,0,0.5263853613735472,Male,E1,30-39,R4
252,0,0.5942991438232077,Male,E1,30-39,R4
18,1,0.6558824124758126,Male,E1,40-49,R1
294,0,0.2681903418408067,Female,E2,18-29,R1
147,0,0.5852186208166472,Female,E1,18-29,R3
63,0,0.2674178851883783,Male,E2,30-39,R2
186,0,0.4850204205535478,Female,E3,40-49,R1
29,0,0.1490963798361603,Male,E2,50-64,R1
53,0,0.7684456742151426,Female,E4,18-29,R1
13,0,0.0140130340741161,Male,E2,40-49,R1
57,0,0.6282098795873852,Female,E6,30-39,R4
57,0,0.1712854872398127,Male,E4,30-39,R2
177,0,0.7993625646750524,Male,E2,18-29,R4
205,0,0.4973915476884545,Female,E3,18-29,R4
246,0,0.4278926890101897,Female,E4,18-29,R4
139,1,0.6594993023282699,Male,E3,40-49,R1
66,0,0.552618656093843,Male,E2,18-29,R1
109,1,0.6046632327327479,Female,E1,40-49,R2
287,0,0.3343898715398524,Female,E2,18-29,R2
251,1,0.7047824784100712,Male,E4,40-49,R3
144,1,0.2075227489686544,Male,E1,40-49,R3
125,0,0.5486565231445926,Female,E2,50-64,R1
104,0,0.1871403852595404,Female,E2,30-39,R3
139,0,0.1964040030318551,Female,E5,18-29,R2
65,0,0.5131132790249113,Male,E6,40-49,R2
135,0,0.4017596406462412,Female,E1,40-49,R1
129,0,0.1630416765443519,Female,E1,18-29,R1
246,0,0.6294097317963416,Male,E5,50-64,R4
34,0,0.4810213864886443,Male,E2,30-39,R1
6,1,0.2387690559556212,Female,E1,30-39,R1
101,1,0.2914453895567792,Female,E6,30-39,R2
189,0,0.6064646527240298,Female,E6,40-49,R3
208,1,0.7524923056607202,Male,E6,30-39,R1
192,1,0.3092219684418352,Female,E6,18-29,R3
32,0,0.1791441711036619,Male,E6,50-64,R4
233,0,0.3386858003150115,Female,E4,30-39,R1
232,1,0.4397248409084558,Female,E5,30-39,R3
218,0,0.3994645000355997,Male,E1,50-64,R2
104,0,0.4430517773047246,Female,E4,50-64,R2
133,0,0.0928122273872784,Female,E3,40-49,R1
84,1,0.7366851780639645,Male,E4,30-39,R1
126,0,0.4514876561076605,Female,E1,30-39,R1
93,0,0.4141941884811815,Female,E3,18-29,R1
292,0,0.4025864311203835,Female,E6,50-64,R2
142,0,0.4113780398555954,Male,E6,40-49,R2
122,0,0.6255436513587449,Male,E1,40-49,R1
15,0,0.2773070750725638,Male,E1,18-29,R3
245,1,0.531770177559678,Female,E4,18-29,R1
285,1,0.120276946195261,Female,E6,30-39,R1
284,0,0.1612674408382059,Male,E4,18-29,R2
128,0,0.0670600056410532,Male,E6,18-29,R1
77,0,0.2751268683795899,Male,E3,30-39,R2
43,0,0.2847898067813991,Male,E3,18-29,R1
241,0,0.1092988072667908,Male,E2,18-29,R4
73,1,0.8325101057492692,Female,E2,40-49,R3
196,0,0.0582908658480936,Male,E4,30-39,R2
210,1,0.4280146749811021,Female,E5,40-49,R1
173,0,0.4150321348710847,Female,E2,18-29,R2
143,0,0.1386519229567293,Male,E2,18-29,R2
145,1,0.6122991102417812,Female,E3,18-29,R4
279,0,0.1637061840116854,Male,E4,30-39,R1
154,1,0.6761134740902482,Male,E4,30-39,R1
232,0,0.5595919865159144,Female,E6,18-29,R4
32,0,0.5347145380424414,Female,E6,18-29,R1
23,1,0.5629072352854617,Female,E1,40-49,R1
195,0,0.2193932802069416,Male,E2,50-64,R3
41,1,0.1142578965527755,Female,E1,40-49,R3
20,0,0.5119992393549407,Male,E1,40-49,R4
293,0,0.3376319686446434,Female,E3,18-29,R3
61,1,0.5743963059320786,Female,E2,30-39,R4
79,0,0.1813792266472059,Male,E4,30-39,R1
112,0,0.0946259607389854,Female,E1,30-39,R1
151,0,0.498509801389245,Male,E1,18-29,R1
287,1,0.6475404700014971,Female,E4,40-49,R3
56,0,0.4026600758729829,Male,E1,40-49,R3
148,0,0.5444584510784004,Male,E6,40-49,R4
282,0,0.4703303067584923,Female,E5,50-64,R1
280,1,0.5726453515536075,Female,E1,30-39,R1
118,0,0.0471296067152536,Male,E2,18-29,R4
168,0,0.5699345515305445,Female,E1,30-39,R4
175,0,0.1452979215097662,Female,E2,50-64,R3
159,0,0.5184312425202613,Female,E3,18-29,R2
198,0,0.4111896116255158,Male,E1,30-39,R1
19,0,0.2026739774256428,Male,E2,40-49,R3
33,0,0.4847883112111808,Male,E1,18-29,R4
234,0,0.3548247567183256,Male,E1,18-29,R1
50,1,0.5097348927194166,Female,E6,50-64,R3
266,1,0.7136886499349115,Male,E6,50-64,R3
255,0,0.5472226984107845,Female,E6,30-39,R1
78,0,0.7771231777855695,Female,E1,40-49,R3
212,0,0.3713685747110324,Male,E2,30-39,R3
219,0,0.4358548472637645,Female,E2,40-49,R3
160,0,0.1525257328631138,Male,E2,50-64,R1
48,0,0.0350268039803456,Male,E1,18-29,R2
210,0,0.2081813616664616,Female,E6,18-29,R1
94,0,0.4399798937408211,Female,E3,30-39,R3
125,0,0.540608672392348,Male,E2,40-49,R1
101,0,0.4343853373999699,Female,E1,18-29,R2
192,0,0.6748997233939615,Male,E5,18-29,R1
108,1,0.4556037578983765,Male,E3,30-39,R1
167,0,0.4062678040861657,Female,E1,18-29,R3
268,0,0.2609148725225543,Female,E3,30-39,R1
181,0,0.203401471114554,Female,E6,50-64,R4
201,0,0.0825679292590617,Female,E3,30-39,R2
243,0,0.83539369452671,Male,E1,18-29,R2
45,1,0.3200590389038452,Female,E6,40-49,R3
156,1,0.2766026043861931,Female,E3,30-39,R3
7,0,0.35734690405233,Male,E4,50-64,R1
188,0,0.3565020573871724,Male,E1,18-29,R3
79,0,0.3218612760106871,Female,E4,40-49,R1
266,0,0.6275180425894613,Male,E4,30-39,R3
103,1,0.5521713441283911,Female,E1,50-64,R2
69,0,0.534655837548459,Male,E1,40-49,R1
195,0,0.0826111710991439,Female,E4,40-49,R3
85,1,0.4382635232316057,Female,E4,18-29,R3
292,0,0.5576938601717378,Male,E1,30-39,R4
207,1,0.7105656677343478,Female,E3,30-39,R1
163,0,0.01,Male,E1,40-49,R2
213,0,0.4905714154661436,Male,E6,30-39,R4
86,0,0.3559878127490985,Female,E1,18-29,R4
251,1,0.8163028685919684,Female,E1,18-29,R2
188,0,0.1791010218281807,Male,E2,18-29,R3
47,0,0.6682222998592645,Male,E1,30-39,R1
155,0,0.585208117476869,Male,E2,18-29,R1
142,1,0.2458574320483491,Male,E2,18-29,R1
9,1,0.7865137443103754,Male,E4,18-29,R3
298,0,0.5556309991060805,Male,E2,18-29,R1
28,0,0.2439935424746357,Male,E6,18-29,R1
115,0,0.2720325316913699,Female,E2,30-39,R3
160,0,0.313315089936613,Male,E1,40-49,R3
0,0,0.4700188440300162,Female,E4,18-29,R3
98,0,0.672173891318042,Male,E5,18-29,R3
141,1,0.5946377271049431,Female,E2,40-49,R3
169,0,0.3515184483298673,Male,E5,50-64,R3
191,0,0.3215603294146192,Male,E3,40-49,R1
107,0,0.1390435971841419,Male,E1,50-64,R1
82,0,0.3377873180809204,Female,E1,30-39,R1
69,0,0.1791439055898371,Female,E1,40-49,R1
227,0,0.279825064070323,Female,E2,30-39,R3
294,0,0.4151036781414428,Male,E3,40-49,R2
196,1,0.6184177585428839,Male,E5,18-29,R1
106,0,0.1011482566024031,Male,E1,50-64,R1
200,0,0.453253592451375,Male,E2,40-49,R2
21,0,0.1053715713506363,Female,E5,40-49,R3
48,0,0.1429589084333003,Female,E1,50-64,R3
30,0,0.1573215453064807,Female,E4,40-49,R1
103,0,0.4708132065017414,Female,E4,18-29,R1
136,0,0.4738531259383179,Female,E2,18-29,R3
86,1,0.1180798137053049,Female,E2,50-64,R1
195,0,0.176969316693546,Female,E4,40-49,R3
145,0,0.097865494656559,Male,E2,40-49,R1
91,0,0.5445315158094552,Female,E5,40-49,R2
249,0,0.5417775456607685,Male,E3,40-49,R3
92,1,0.6361471124810173,Female,E1,30-39,R3
100,0,0.3439964595536416,Male,E3,40-49,R1
141,0,0.38026917815203,Male,E4,18-29,R1
239,0,0.4492634931786992,Male,E2,30-39,R3
52,0,0.0441299168871676,Male,E2,18-29,R4
28,1,0.4408314357492414,Male,E4,40-49,R1
47,0,0.4306085715634788,Male,E3,50-64,R2
221,0,0.3213513190268721,Male,E1,30-39,R2
214,0,0.6493818701446215,Male,E1,40-49,R1
108,0,0.1704692886172152,Female,E2,40-49,R1
237,0,0.2375897080706515,Male,E2,18-29,R1
298,0,0.7690711617524648,Male,E3,40-49,R3
226,0,0.5017549967559789,Female,E2,18-29,R1
84,1,0.4231330010419081,Male,E3,50-64,R2
212,0,0.3056239860901227,Female,E4,30-39,R1
160,1,0.6684227467355804,Female,E4,40-49,R1
56,1,0.2255709540552398,Male,E3,30-39,R3
65,1,0.4146388130755309,Male,E1,30-39,R4
294,1,0.6018035243761736,Female,E6,18-29,R4
2,1,0.5255259831912553,Male,E6,50-64,R1
107,0,0.7713928013025781,Male,E1,30-39,R4
140,0,0.0984691518883386,Female,E5,30-39,R1
156,0,0.4441099888863177,Male,E2,40-49,R1
214,0,0.6974685103071541,Male,E5,40-49,R4
38,0,0.356479309862843,Male,E1,18-29,R1
290,0,0.0644255780748693,Female,E4,40-49,R2
115,0,0.1732796830186646,Male,E3,18-29,R1
225,0,0.3587196371005829,Female,E4,40-49,R1
48,0,0.6446870558094728,Female,E1,18-29,R1
42,0,0.405238411442083,Female,E1,50-64,R1
298,0,0.4281454368976171,Female,E1,30-39,R1
206,0,0.3840608161493867,Female,E1,18-29,R1
104,1,0.6967115132073034,Male,E1,30-39,R1
262,1,0.627294126999808,Male,E4,30-39,R1
79,0,0.4197840988224814,Female,E1,18-29,R1
181,1,0.6436812402980087,Female,E3,50-64,R2
191,0,0.7020445270708718,Female,E6,18-29,R2
250,0,0.8793307067137361,Male,E3,30-39,R1
116,1,0.7881761025003412,Male,E5,40-49,R1
292,0,0.1491299811363898,Male,E2,30-39,R4
260,0,0.2641690364645724,Male,E1,40-49,R2
201,1,0.7701495431578163,Male,E1,40-49,R1
256,0,0.0323724704894995,Female,E3,30-39,R3
255,0,0.246180198960673,Male,E1,50-64,R1
136,1,0.2108123811396499,Female,E2,30-39,R1
111,0,0.255900127012132,Male,E6,30-39,R2
102,0,0.3467559276300105,Female,E3,18-29,R3
143,0,0.3343625386668076,Male,E2,30-39,R1
254,0,0.3845579720626124,Female,E6,50-64,R1
66,1,0.556025590929208,Male,E2,40-49,R3
34,0,0.4556425007644424,Male,E1,40-49,R2
184,0,0.3350375262701447,Female,E5,30-39,R4
116,0,0.7187499256495576,Male,E4,40-49,R1
13,0,0.5180038267228295,Female,E2,18-29,R3
207,0,0.2293211731754789,Female,E2,30-39,R1
76,1,0.6065476360270192,Female,E4,40-49,R1
176,0,0.1520523800316632,Male,E2,30-39,R2
55,0,0.5431802450393576,Male,E5,40-49,R2
158,1,0.7187505724077821,Male,E2,18-29,R2
175,0,0.4402161456303147,Male,E4,30-39,R4
116,1,0.4094834852511361,Female,E6,40-49,R1
218,1,0.7135226820073874,Male,E5,18-29,R3
231,0,0.6559981455669182,Female,E1,30-39,R1
120,1,0.7676426405628337,Female,E2,30-39,R1
215,0,0.4241915468439691,Male,E2,40-49,R3
78,0,0.4450310536537134,Male,E4,40-49,R1
179,0,0.3959863829173079,Male,E5,18-29,R3
265,1,0.6013561419899105,Male,E1,40-49,R2
225,1,0.5231119322954423,Male,E1,40-49,R3
221,1,0.8145115027057048,Female,E5,18-29,R3
17,0,0.3333262641827192,Female,E3,18-29,R3
158,1,0.5181901774761916,Male,E1,50-64,R2
248,0,0.0357627704716503,Female,E1,18-29,R4
43,0,0.3669261142420671,Female,E3,30-39,R2
59,1,0.2850946085765911,Male,E1,30-39,R3
176,1,0.2932098159238059,Female,E4,18-29,R2
177,1,0.573710850246483,Male,E6,40-49,R3
138,0,0.7022686272728483,Male,E1,18-29,R3
291,0,0.1109794558134199,Male,E3,18-29,R3
97,0,0.0335376790338711,Male,E1,40-49,R3
220,0,0.4905847613107528,Male,E3,18-29,R1
118,1,0.5680388970783914,Female,E1,18-29,R2
251,0,0.3240104672705834,Male,E4,30-39,R1
294,0,0.6501410797778077,Female,E3,30-39,R1
3,0,0.4571678309620058,Female,E4,18-29,R1
288,0,0.0993501382869616,Male,E2,40-49,R2
189,0,0.6689737334522379,Male,E1,40-49,R2
82,0,0.3723225473355043,Female,E3,40-49,R1
146,0,0.2343389900294767,Male,E3,40-49,R2
16,0,0.3235807444719961,Female,E1,18-29,R3
196,0,0.1508215323463741,Male,E1,18-29,R1
63,1,0.087064429581975,Male,E3,40-49,R1
114,0,0.1289131201713883,Female,E3,40-49,R1
143,0,0.2276680849047033,Male,E3,30-39,R3
217,0,0.250606699184034,Female,E1,30-39,R2
243,0,0.1057845210255005,Male,E2,30-39,R3
152,0,0.3554150120987706,Male,E5,30-39,R1
165,1,0.2850372886868776,Female,E1,40-49,R1
294,0,0.1917284609443177,Male,E1,18-29,R2
286,0,0.1340359887497555,Male,E1,50-64,R4
117,0,0.4697705267404533,Male,E4,30-39,R4
127,0,0.1486040101463885,Female,E6,40-49,R4
274,0,0.3445060742456965,Male,E2,30-39,R1
192,0,0.3392089356032718,Male,E3,40-49,R1
50,0,0.1970895132948502,Male,E1,40-49,R2
73,0,0.2825672760325285,Male,E5,18-29,R4
202,1,0.3053185843947225,Male,E1,40-49,R1
151,0,0.01,Male,E6,40-49,R3
292,0,0.3582219530649397,Female,E1,18-29,R3
202,0,0.4878889746193522,Female,E5,50-64,R2
6,1,0.6185725268300788,Male,E4,30-39,R2
57,0,0.2019142439158945,Male,E5,30-39,R1
183,0,0.01,Male,E2,40-49,R1
79,0,0.5530029113914222,Male,E3,30-39,R1
67,0,0.1937221431592795,Female,E4,18-29,R2
86,0,0.350383505653876,Male,E3,30-39,R1
234,0,0.1800686164415978,Female,E2,30-39,R1
81,1,0.3573336374565943,Male,E6,18-29,R1
103,1,0.3647757462297325,Male,E4,30-39,R1
16,0,0.2397616846712602,Female,E1,50-64,R2
109,1,0.3089508907384834,Female,E6,30-39,R3
122,0,0.7316310895828708,Male,E1,30-39,R3
144,0,0.2646355752121211,Male,E6,40-49,R1
210,0,0.7288520728884986,Female,E2,18-29,R2
17,1,0.5014319227837332,Male,E1,30-39,R1
184,0,0.3404178836930888,Female,E1,18-29,R1
279,0,0.4369807745436097,Male,E2,30-39,R1
278,0,0.4383829784156028,Male,E5,50-64,R3
162,0,0.2500537468714683,Female,E1,30-39,R1
56,0,0.2189799357757244,Female,E4,30-39,R2
292,0,0.1011036490892205,Male,E1,30-39,R1
251,1,0.4574322559659212,Male,E6,18-29,R2
67,0,0.3924838840786246,Male,E1,30-39,R1
224,0,0.1164618081845289,Female,E3,30-39,R1
212,0,0.2808869953649395,Female,E3,18-29,R1
150,0,0.5014565596051921,Female,E2,40-49,R2
135,1,0.229134506142239,Male,E6,30-39,R1
232,0,0.541810204839911,Male,E3,30-39,R2
100,0,0.1437713690747522,Female,E4,18-29,R1
112,0,0.1998549503513378,Male,E2,40-49,R3
176,0,0.2662564308780067,Female,E4,30-39,R1
289,0,0.2295338108895502,Female,E1,30-39,R4
225,0,0.4385516365139269,Female,E3,18-29,R2
182,0,0.1591662378052343,Female,E1,18-29,R3
226,0,0.2975391017846103,Male,E4,50-64,R1
221,1,0.520559637416225,Female,E4,30-39,R2
57,1,0.4094189626866145,Male,E5,30-39,R1
218,0,0.4836297448271856,Female,E2,30-39,R1
203,0,0.2121607601606742,Male,E3,18-29,R1
157,0,0.6374086150062246,Female,E4,18-29,R1
256,1,0.4308603291550891,Male,E5,18-29,R1
233,0,0.1554258126244103,Male,E1,30-39,R1
236,1,0.6495007577951319,Female,E1,30-39,R1
183,0,0.1430921688827208,Female,E2,30-39,R1
243,0,0.537785616638693,Male,E5,40-49,R1
182,0,0.157193937972265,Female,E2,50-64,R1
215,0,0.2644252705692353,Female,E2,18-29,R1
95,0,0.145452130648704,Female,E2,30-39,R3
168,0,0.3499299286053268,Male,E4,50-64,R2
229,1,0.698063215489558,Female,E2,18-29,R2
57,1,0.8834779919151181,Female,E1,30-39,R3
13,0,0.3279304767228172,Female,E1,30-39,R1
183,1,0.5179052698695459,Male,E1,40-49,R1
232,0,0.2933478871216021,Male,E4,30-39,R1
278,0,0.466242092833722,Male,E3,50-64,R1
74,0,0.1405735358430868,Female,E3,50-64,R2
153,1,0.172889314979269,Male,E5,30-39,R3
214,0,0.2614486201810825,Male,E1,30-39,R1
9,0,0.4656188552838364,Male,E5,50-64,R2
72,0,0.2785658898353461,Female,E4,40-49,R2
107,0,0.6094861322425406,Male,E3,30-39,R1
103,0,0.0833416716706235,Female,E3,18-29,R3
11,0,0.3331134843086477,Female,E2,18-29,R3
240,0,0.6253063724727672,Female,E1,40-49,R1
153,0,0.1806048075010888,Male,E1,30-39,R1
120,0,0.458182277508431,Female,E3,30-39,R2
215,0,0.2683695092323324,Female,E3,40-49,R3
49,0,0.4073322672119222,Male,E1,30-39,R2
254,0,0.4401237892295186,Male,E2,40-49,R3
204,0,0.5298181680612926,Male,E3,50-64,R1
257,0,0.5201766954509737,Male,E1,30-39,R1
36,0,0.3835109872228374,Male,E2,50-64,R1
94,0,0.2082541698910773,Female,E3,30-39,R4
248,1,0.7747549434784402,Female,E6,40-49,R4
233,0,0.367805056043319,Female,E6,50-64,R1
292,0,0.5628066692815455,Male,E3,18-29,R1
201,0,0.3943628994499438,Male,E1,50-64,R1
110,0,0.4612282383516063,Female,E3,30-39,R3
137,0,0.224792630334364,Female,E2,40-49,R1
129,0,0.8380477034605177,Male,E1,40-49,R3
285,0,0.5296841148224347,Female,E5,30-39,R1
188,1,0.3037020317171476,Male,E4,40-49,R1
235,0,0.2085306232642943,Male,E6,30-39,R2
168,0,0.0869544293243306,Female,E1,30-39,R2
254,0,0.5458422853345631,Male,E2,40-49,R2
101,0,0.4473893220265472,Male,E2,30-39,R1
273,1,0.1813043351158405,Female,E4,30-39,R2
252,0,0.2597972431155058,Female,E2,18-29,R1
53,0,0.33478322776972,Female,E5,40-49,R1
228,0,0.3948180918808479,Female,E4,40-49,R1
15,1,0.4999061399293413,Female,E6,40-49,R1
132,0,0.2233107540070803,Male,E3,30-39,R2
166,0,0.3025833888688194,Female,E4,30-39,R3
70,0,0.1047002215121585,Female,E2,40-49,R3
208,0,0.0208216915795823,Female,E2,30-39,R3
72,0,0.2497153768686481,Male,E5,18-29,R1
255,0,0.3899412715146403,Female,E2,30-39,R4
220,0,0.2749013989729456,Male,E1,40-49,R2
233,0,0.1742432142154439,Female,E4,18-29,R1
230,0,0.4742925248350319,Female,E2,40-49,R2
24,0,0.3202887520299366,Female,E3,40-49,R2
165,1,0.6716432387029098,Male,E1,40-49,R1
281,0,0.6693210369809669,Male,E2,18-29,R3
119,0,0.2260324135870512,Male,E6,50-64,R1
88,0,0.4961309800429772,Female,E4,18-29,R2
122,0,0.6001181470361366,Male,E1,30-39,R2
38,0,0.5883893603270668,Male,E3,18-29,R1
220,0,0.3206459135103959,Male,E4,30-39,R4
61,0,0.242956224036381,Male,E1,18-29,R2
287,0,0.3166808432824147,Female,E2,40-49,R2
277,0,0.0866845401339866,Male,E3,30-39,R2
26,0,0.6194327255218681,Male,E1,18-29,R2
59,0,0.2669486322905477,Female,E1,30-39,R2
162,1,0.6699022096727013,Male,E5,30-39,R1
192,1,0.4895358724780744,Female,E6,30-39,R3
168,0,0.1574342636114328,Female,E3,40-49,R2
29,0,0.322764955885208,Male,E4,50-64,R1
247,0,0.5299336006783714,Female,E2,18-29,R1
165,1,0.4798334841734963,Male,E4,30-39,R4
145,1,0.3095660241901737,Female,E5,30-39,R1
14,0,0.4566009994417926,Male,E5,30-39,R1
287,1,0.8403348488135773,Female,E2,40-49,R3
121,0,0.4573384797304717,Female,E5,18-29,R3
147,1,0.8977969011306673,Male,E4,18-29,R4
231,0,0.2401822979530081,Male,E1,18-29,R1
263,1,0.344783298240658,Male,E6,30-39,R3
151,0,0.2917805058078967,Female,E5,50-64,R1
17,0,0.3544944497731769,Male,E6,30-39,R1
12,0,0.7776717658382309,Male,E1,30-39,R2
179,1,0.4979531181138176,Male,E1,18-29,R1
129,0,0.2803366203188664,Female,E1,18-29,R1
90,0,0.3337984783415379,Female,E2,18-29,R2
6,1,0.6369540872114304,Female,E1,18-29,R1
213,0,0.3377112181341762,Female,E3,18-29,R1
292,0,0.0807367255877481,Male,E1,30-39,R1
241,0,0.4081239715810541,Male,E6,18-29,R3
76,1,0.1851935368773079,Male,E5,40-49,R3
160,0,0.4879689177000128,Female,E1,40-49,R2
59,0,0.7292060124734663,Female,E1,30-39,R2
69,0,0.5933260081236409,Female,E3,18-29,R2
64,0,0.3584179053124739,Female,E2,18-29,R1
202,0,0.3803245622421506,Male,E2,30-39,R2
264,0,0.5232485682030114,Female,E2,30-39,R4
18,1,0.5858833738576888,Male,E4,30-39,R3
247,0,0.167254786954093,Male,E1,30-39,R3
161,1,0.2729325412904638,Female,E3,30-39,R1
157,0,0.1078602809149029,Male,E3,18-29,R2
77,0,0.4300649043152381,Male,E3,40-49,R2
112,1,0.5554201660967719,Male,E6,30-39,R2
293,0,0.1126215371392153,Male,E6,30-39,R2
249,0,0.1277604594540073,Male,E6,30-39,R1
8,1,0.6107412728996547,Male,E1,30-39,R1
182,0,0.098123448367956,Male,E3,18-29,R2
52,0,0.0667714651909428,Male,E6,50-64,R2
246,0,0.3241512228871153,Female,E2,18-29,R2
44,0,0.4181061853427654,Male,E3,40-49,R3
168,0,0.284053652709072,Male,E4,30-39,R1
13,1,0.6770609675283463,Male,E5,18-29,R2
203,1,0.7269188641955066,Male,E1,40-49,R3
100,1,0.3889794223436505,Male,E1,40-49,R3
124,0,0.5179134400835501,Female,E1,30-39,R4
142,0,0.2352864603314946,Female,E5,30-39,R1
294,0,0.2321670137196771,Male,E4,40-49,R1
147,0,0.1575840288960283,Male,E1,40-49,R1
36,0,0.3245189717830612,Male,E2,18-29,R2
130,0,0.2882094214290549,Male,E6,50-64,R1
280,0,0.1087547950660449,Male,E1,40-49,R2
85,0,0.5308469604078963,Female,E4,18-29,R1
271,0,0.6050101593069553,Male,E1,50-64,R3
153,1,0.6359198127627418,Male,E5,30-39,R1
144,0,0.0727146333891837,Male,E1,30-39,R1
247,0,0.2217376534086159,Female,E3,40-49,R2
85,1,0.3966640131610257,Female,E5,30-39,R1
95,1,0.097783562827253,Female,E1,30-39,R1
24,0,0.2407189854552374,Male,E3,30-39,R2
94,0,0.4126301380534096,Female,E1,30-39,R4
283,0,0.4289015768171292,Male,E1,30-39,R2
205,0,0.8333271728541525,Male,E4,30-39,R2
251,1,0.1762670133014957,Male,E1,40-49,R3
0,0,0.252700890613537,Male,E3,40-49,R1
75,0,0.7091701253498575,Male,E4,40-49,R1
229,0,0.8082522186398461,Female,E4,40-49,R3
79,0,0.2817833565832075,Female,E4,30-39,R2
194,0,0.3103508619451008,Female,E4,18-29,R2
47,1,0.1864451961615515,Male,E5,30-39,R2
16,0,0.1762693068619541,Male,E3,30-39,R3
13,0,0.0530891665978731,Male,E2,18-29,R4
266,0,0.7111371156224998,Male,E1,40-49,R1
120,0,0.4860739396219306,Female,E6,18-29,R2
246,0,0.4015751051694121,Female,E1,50-64,R1
5,1,0.4157046138491407,Male,E1,18-29,R1
193,0,0.0481026179035517,Male,E2,50-64,R2
155,1,0.2985443907198253,Female,E4,18-29,R2
297,0,0.247988015209026,Male,E1,18-29,R1
158,0,0.5138352143651745,Female,E4,30-39,R4
163,1,0.7521898869933716,Male,E3,18-29,R1
109,0,0.2281677873708356,Male,E6,18-29,R1
238,1,0.6859365675695283,Female,E4,30-39,R1
135,1,0.3890568908039747,Female,E1,18-29,R2
0,1,0.7038645051777247,Female,E2,18-29,R1
77,1,0.4312325577010201,Male,E2,40-49,R2
147,0,0.1190378813120926,Female,E2,40-49,R2
122,0,0.5012957717710265,Female,E5,40-49,R1
177,0,0.5194594423323066,Male,E5,40-49,R1
68,0,0.5444525709045117,Male,E1,40-49,R1
141,0,0.01,Female,E2,18-29,R1
128,0,0.1605295244465039,Male,E2,30-39,R3
84,0,0.0821136221354307,Male,E1,18-29,R1
144,1,0.2743724562796676,Male,E1,30-39,R2
87,0,0.0562502851785532,Female,E6,30-39,R1
153,1,0.3628208870661357,Male,E1,30-39,R3
230,1,0.5097648908854202,Male,E2,30-39,R1
56,0,0.6726103330721983,Female,E4,40-49,R1
135,1,0.5702832448914196,Male,E2,30-39,R1
234,0,0.3107820502361177,Male,E1,30-39,R1
184,0,0.3650041191950209,Female,E2,18-29,R2
83,0,0.1390307947705529,Male,E1,18-29,R3
153,1,0.5747747897183717,Male,E5,40-49,R1
56,0,0.3399946177290324,Male,E2,30-39,R4
78,0,0.1497957332367955,Female,E1,30-39,R3
233,0,0.8603329934317036,Male,E4,30-39,R2
68,1,0.5968380654771532,Male,E1,30-39,R1
204,0,0.2565075604145185,Male,E3,30-39,R1
129,0,0.5128687885116093,Male,E2,30-39,R2
116,0,0.327120847075788,Male,E1,40-49,R2
253,0,0.6517402316065547,Male,E6,18-29,R1
244,0,0.5530649678219792,Male,E1,50-64,R2
204,1,0.5026102485034198,Female,E2,18-29,R2
162,1,0.3165496711752689,Female,E3,30-39,R2
268,1,0.211945734361593,Male,E2,18-29,R1
89,1,0.5579526866283918,Female,E4,30-39,R1
120,0,0.2695571292781266,Female,E3,18-29,R1
215,1,0.6839592000089011,Male,E4,30-39,R1
287,0,0.464609338829698,Female,E1,50-64,R2
76,0,0.6251907192464964,Male,E1,50-64,R2
160,0,0.2124296088022205,Male,E5,30-39,R1
294,0,0.1678448142472729,Male,E5,50-64,R1
207,1,0.5733732947718364,Male,E6,30-39,R4
197,1,0.5543555073086367,Male,E4,40-49,R2
170,0,0.2399879023117506,Female,E3,18-29,R3
47,0,0.1773571214425364,Male,E3,40-49,R1
190,0,0.2769112000041347,Male,E1,40-49,R2
19,0,0.4715429552401343,Male,E2,30-39,R2
205,0,0.4329263458833249,Male,E4,30-39,R2
68,0,0.2437559214910182,Female,E3,30-39,R3
108,0,0.3606473042169367,Female,E1,30-39,R2
62,0,0.4905864219486017,Female,E1,30-39,R2
38,0,0.4728205201680643,Male,E6,30-39,R1
172,0,0.6015039873804762,Male,E3,30-39,R1
271,0,0.2429649428238027,Female,E5,40-49,R3
92,0,0.3510607617054244,Male,E4,40-49,R2
106,0,0.1762369369579146,Female,E2,40-49,R1
169,0,0.3682310680768305,Male,E1,18-29,R1
73,0,0.0447612603854451,Male,E2,18-29,R2
69,0,0.5629878927781626,Male,E5,18-29,R1
92,0,0.4537930628949557,Male,E1,18-29,R1
233,1,0.7524995397416492,Male,E1,30-39,R1
102,0,0.4013073318236052,Male,E1,40-49,R1
1,0,0.3603076767405634,Female,E6,18-29,R1
63,0,0.3424215110874412,Male,E2,30-39,R1
111,0,0.4439701168750102,Male,E3,40-49,R1
96,1,0.3927966867973671,Male,E4,30-39,R1
74,0,0.4345577828851434,Female,E6,30-39,R4
159,0,0.4077527361857032,Female,E3,30-39,R2
114,0,0.5934422745981105,Male,E1,30-39,R1
281,0,0.6671809484781847,Male,E3,18-29,R1
77,0,0.2131288344665139,Male,E4,18-29,R1
131,0,0.5527110680842908,Male,E1,40-49,R1
49,0,0.1279501009387403,Female,E6,40-49,R3
179,1,0.8001776469368804,Female,E4,30-39,R1
266,0,0.291439277733766,Male,E2,40-49,R1
231,1,0.5997075925777989,Male,E5,30-39,R1
299,0,0.8482292302832772,Male,E2,30-39,R1
58,1,0.7449755898667898,Male,E5,18-29,R1
37,0,0.0758067074761335,Female,E2,18-29,R3
199,1,0.313290655414262,Male,E3,18-29,R1
295,0,0.3731436711040983,Male,E4,40-49,R4
204,0,0.4342665407392185,Male,E1,30-39,R3
227,0,0.2473678635271535,Female,E3,30-39,R1
121,0,0.1891998707221007,Female,E4,30-39,R3
279,0,0.4792992747176691,Male,E1,18-29,R2
75,1,0.7295012356432876,Female,E1,30-39,R4
238,0,0.6726888263317832,Male,E3,50-64,R1
251,0,0.5693549937748511,Male,E3,18-29,R2
35,0,0.6765465172202655,Female,E2,18-29,R1
221,0,0.5492046643788915,Male,E6,50-64,R2
105,0,0.4763952732527352,Female,E3,40-49,R4
129,0,0.2292456300678416,Male,E1,18-29,R2
287,0,0.1366766853666941,Male,E6,40-49,R2
211,1,0.1672181131529281,Male,E4,50-64,R1
143,0,0.0233114677585184,Female,E3,50-64,R3
221,1,0.076626589291175,Male,E3,18-29,R1
44,0,0.5030043632664684,Female,E6,30-39,R1
205,0,0.1654263191888123,Female,E3,30-39,R1
103,1,0.4883622330606782,Male,E5,50-64,R4
131,0,0.2615293445269452,Female,E1,40-49,R1
289,0,0.4101075787955754,Male,E5,50-64,R1
151,0,0.3644774567437009,Female,E5,18-29,R1
38,1,0.2222065071827847,Female,E4,30-39,R1
63,0,0.3624310228719651,Female,E1,18-29,R1
66,0,0.4462918574118,Female,E1,30-39,R3
43,0,0.2941578050547706,Male,E2,18-29,R1
276,0,0.7297372708198169,Female,E4,18-29,R3
78,0,0.3621317170259394,Male,E1,40-49,R1
224,0,0.2975183864604643,Female,E1,40-49,R4
180,0,0.1313362629486111,Male,E4,40-49,R2
259,0,0.3888256168570908,Female,E1,30-39,R1
169,1,0.5694049376749397,Male,E1,30-39,R1
189,0,0.2501410534026373,Female,E3,18-29,R1
262,0,0.1000575019052026,Female,E6,30-39,R2
85,0,0.3246853634992188,Male,E2,18-29,R2
23,0,0.3724794147744673,Male,E5,18-29,R4
41,0,0.5359889337177727,Male,E1,40-49,R3
28,0,0.4308853557683871,Male,E1,50-64,R1
243,0,0.2586246411824461,Female,E2,18-29,R1
86,0,0.3133422236420248,Male,E2,30-39,R3
151,0,0.5326377826272701,Female,E3,40-49,R2
238,0,0.2056075896385409,Female,E5,30-39,R1
22,0,0.1963335604540638,Female,E3,40-49,R2
233,0,0.3114548791206482,Male,E1,18-29,R1
143,0,0.3124567888712654,Female,E6,30-39,R1
218,0,0.5258585776047536,Female,E1,30-39,R3
39,0,0.178208111974958,Female,E4,18-29,R2
202,0,0.2358028650875874,Female,E3,30-39,R3
107,1,0.1775551718358577,Female,E3,18-29,R1
129,0,0.2307709234813924,Male,E2,30-39,R2
46,0,0.1429277435552922,Female,E2,30-39,R4
184,0,0.7321004550457632,Male,E5,50-64,R2
139,0,0.4012865404430106,Female,E2,50-64,R2
22,1,0.7277474700803468,Female,E5,18-29,R3
218,1,0.4975388136303511,Male,E4,30-39,R4
78,0,0.5486426265167907,Male,E1,50-64,R3
184,0,0.3057033911073564,Female,E6,18-29,R1
217,1,0.4013739172768173,Male,E3,30-39,R2
176,1,0.4135904692593982,Male,E3,50-64,R1
82,0,0.5053155061017692,Male,E1,18-29,R1
76,1,0.4735883463780559,Male,E1,40-49,R3
32,0,0.1142476813656667,Male,E6,30-39,R3
46,1,0.5902742521243843,Male,E4,18-29,R3
109,0,0.244243377772946,Female,E6,18-29,R2
35,0,0.4749321586277082,Female,E3,18-29,R4
228,0,0.3650330747679516,Female,E3,40-49,R3
